{
  "experiment_name": "NucleotideTransformer_InstaDeepAI/nucleotide-transformer-v2-100m-multi-species_w10000",
  "timestamp": "2026-03-09T18:22:19.949417",
  "embedding_dim": 512,
  "num_folds": 5,
  "best_fold": {
    "fold_idx": 1,
    "fold_number": 2,
    "best_metric": "mcc",
    "best_mcc": 0.5686994842028803,
    "checkpoint": "best_fold2.pt",
    "checkpoint_path": "d:\\Splice_FMs_seq_lengths\\results\\classifiers\\NucleotideTransformer_InstaDeepAI\\nucleotide-transformer-v2-100m-multi-species_w10000\\checkpoints\\best_fold2.pt"
  },
  "hyperparameters": {
    "num_epochs": 50,
    "batch_size": 256,
    "learning_rate": 0.0001,
    "weight_decay": 0.001,
    "early_stopping_patience": 5,
    "seed": 42,
    "deterministic": false
  },
  "per_fold_results": {
    "fold_0": {
      "best_epoch": 49,
      "best_metric": "mcc",
      "best_mcc": 0.565712679180753,
      "best_f1_at_best_epoch": 0.7096818757603669,
      "best_checkpoint": "best_fold1.pt",
      "val_loss": 0.6541348801813092,
      "metrics": {
        "accuracy": 0.7101168804950888,
        "balanced_accuracy": 0.7098742305114517,
        "cohen_kappa": 0.5652371187586225,
        "mcc": 0.565712679180753,
        "precision_macro": 0.7098699924799643,
        "precision_weighted": 0.7103687351415692,
        "recall_macro": 0.7098742305114517,
        "recall_weighted": 0.7101168804950888,
        "f1_macro": 0.7093079729670397,
        "f1_weighted": 0.7096818757603669,
        "precision_Other": 0.6270875673765132,
        "recall_Other": 0.593063825342108,
        "f1_Other": 0.6096013228393803,
        "precision_Donor": 0.8215725378707515,
        "recall_Donor": 0.8003141404538503,
        "f1_Donor": 0.8108040201005026,
        "precision_Acceptor": 0.6809498721926281,
        "recall_Acceptor": 0.7362447257383966,
        "f1_Acceptor": 0.7075185759612364,
        "sensitivity_Other": 0.593063825342108,
        "specificity_Other": 0.8237633892218069,
        "sensitivity_Donor": 0.8003141404538503,
        "specificity_Donor": 0.9117199391171994,
        "sensitivity_Acceptor": 0.7362447257383966,
        "specificity_Acceptor": 0.8301212454935533,
        "roc_auc_macro": 0.8744801608050343,
        "roc_auc_weighted": 0.8746805705036012,
        "roc_auc_Other": 0.8105536433043603,
        "roc_auc_Donor": 0.9338258851930958,
        "roc_auc_Acceptor": 0.8790609539176468,
        "pr_auc_Other": 0.6837063065430032,
        "pr_auc_Donor": 0.8991674729984053,
        "pr_auc_Acceptor": 0.7662900666075164,
        "top1_accuracy": 0.7101168804950888,
        "top2_accuracy": 0.9309994361334066
      },
      "confusion_matrix": [
        [
          28387,
          6095,
          13383
        ],
        [
          6694,
          38724,
          2968
        ],
        [
          10187,
          2315,
          34898
        ]
      ]
    },
    "fold_1": {
      "best_epoch": 50,
      "best_metric": "mcc",
      "best_mcc": 0.5686994842028803,
      "best_f1_at_best_epoch": 0.7121199278419015,
      "best_checkpoint": "best_fold2.pt",
      "val_loss": 0.6486721191542004,
      "metrics": {
        "accuracy": 0.712045165017995,
        "balanced_accuracy": 0.7118547931016453,
        "cohen_kappa": 0.5681501558649025,
        "mcc": 0.5686994842028803,
        "precision_macro": 0.713004921704465,
        "precision_weighted": 0.7135291693641894,
        "recall_macro": 0.7118547931016453,
        "recall_weighted": 0.712045165017995,
        "f1_macro": 0.7117598079863431,
        "f1_weighted": 0.7121199278419015,
        "precision_Other": 0.6253378672944458,
        "recall_Other": 0.5993523451373655,
        "f1_Other": 0.6120694253314984,
        "precision_Donor": 0.8307269104141397,
        "recall_Donor": 0.7926466333236887,
        "f1_Donor": 0.8112401379106119,
        "precision_Acceptor": 0.6829499874048094,
        "recall_Acceptor": 0.7435654008438819,
        "f1_Acceptor": 0.711969860716919,
        "sensitivity_Other": 0.5993523451373655,
        "specificity_Other": 0.8205583279393648,
        "sensitivity_Donor": 0.7926466333236887,
        "specificity_Donor": 0.9179656746968982,
        "sensitivity_Acceptor": 0.7435654008438819,
        "specificity_Acceptor": 0.8300069609666393,
        "roc_auc_macro": 0.8761326922706513,
        "roc_auc_weighted": 0.8763240745973282,
        "roc_auc_Other": 0.8125063347135537,
        "roc_auc_Donor": 0.9340216566454003,
        "roc_auc_Acceptor": 0.881870085453,
        "pr_auc_Other": 0.6871820097802323,
        "pr_auc_Donor": 0.8995709035716327,
        "pr_auc_Acceptor": 0.7715434355805472,
        "top1_accuracy": 0.712045165017995,
        "top2_accuracy": 0.932238550375563
      },
      "confusion_matrix": [
        [
          28688,
          5811,
          13366
        ],
        [
          7037,
          38353,
          2996
        ],
        [
          10151,
          2004,
          35245
        ]
      ]
    },
    "fold_2": {
      "best_epoch": 41,
      "best_metric": "mcc",
      "best_mcc": 0.5679665437606829,
      "best_f1_at_best_epoch": 0.7111294706871814,
      "best_checkpoint": "best_fold3.pt",
      "val_loss": 0.6520488655652016,
      "metrics": {
        "accuracy": 0.7114186465809497,
        "balanced_accuracy": 0.7112353951338539,
        "cohen_kappa": 0.567217817746973,
        "mcc": 0.5679665437606829,
        "precision_macro": 0.7120753162338755,
        "precision_weighted": 0.7126120871871648,
        "recall_macro": 0.7112353951338539,
        "recall_weighted": 0.7114186465809497,
        "f1_macro": 0.7107649251198683,
        "f1_weighted": 0.7111294706871814,
        "precision_Other": 0.6289623919852501,
        "recall_Other": 0.5915387026010654,
        "f1_Other": 0.6096767942120109,
        "precision_Donor": 0.8294740930965278,
        "recall_Donor": 0.7943826726739139,
        "f1_Donor": 0.8115492214304566,
        "precision_Acceptor": 0.6777894636198489,
        "recall_Acceptor": 0.7477848101265823,
        "f1_Acceptor": 0.7110687597171372,
        "sensitivity_Other": 0.5915387026010654,
        "specificity_Other": 0.8256216983692816,
        "sensitivity_Donor": 0.7943826726739139,
        "specificity_Donor": 0.9170524326877657,
        "sensitivity_Acceptor": 0.7477848101265823,
        "specificity_Acceptor": 0.8249368837726361,
        "roc_auc_macro": 0.8751310716219044,
        "roc_auc_weighted": 0.8753258298735731,
        "roc_auc_Other": 0.8117969712285336,
        "roc_auc_Donor": 0.933374047578676,
        "roc_auc_Acceptor": 0.8802221960585034,
        "pr_auc_Other": 0.6868823325824593,
        "pr_auc_Donor": 0.8987817762758749,
        "pr_auc_Acceptor": 0.7678676768998384,
        "top1_accuracy": 0.7114186465809497,
        "top2_accuracy": 0.9307488287585886
      },
      "confusion_matrix": [
        [
          28314,
          5817,
          13734
        ],
        [
          6833,
          38437,
          3116
        ],
        [
          9870,
          2085,
          35445
        ]
      ]
    },
    "fold_3": {
      "best_epoch": 45,
      "best_metric": "mcc",
      "best_mcc": 0.5684442180654112,
      "best_f1_at_best_epoch": 0.7113051116615708,
      "best_checkpoint": "best_fold4.pt",
      "val_loss": 0.6505221325731787,
      "metrics": {
        "accuracy": 0.711813435433345,
        "balanced_accuracy": 0.7115815156275592,
        "cohen_kappa": 0.5677939077836874,
        "mcc": 0.5684442180654112,
        "precision_macro": 0.71178897972221,
        "precision_weighted": 0.7123175327629693,
        "recall_macro": 0.7115815156275592,
        "recall_weighted": 0.711813435433345,
        "f1_macro": 0.7109205636589996,
        "f1_weighted": 0.7113051116615708,
        "precision_Other": 0.6307675145024543,
        "recall_Other": 0.590652682600702,
        "f1_Other": 0.6100513573000733,
        "precision_Donor": 0.8269214383094751,