{
  "experiment_name": "DNABert_zhihan1996/DNABERT-2-117M_w600",
  "timestamp": "2026-03-06T17:34:20.653375",
  "embedding_dim": 768,
  "num_folds": 5,
  "best_fold": {
    "fold_idx": 0,
    "fold_number": 1,
    "best_metric": "mcc",
    "best_mcc": 0.3319806047992174,
    "checkpoint": "best_fold1.pt",
    "checkpoint_path": "d:\\Splice_FMs_seq_lengths\\results\\classifiers\\DNABert_zhihan1996\\DNABERT-2-117M_w600\\checkpoints\\best_fold1.pt"
  },
  "hyperparameters": {
    "num_epochs": 50,
    "batch_size": 256,
    "learning_rate": 0.0001,
    "weight_decay": 0.001,
    "early_stopping_patience": 5,
    "seed": 42,
    "deterministic": false
  },
  "per_fold_results": {
    "fold_0": {
      "best_epoch": 48,
      "best_metric": "mcc",
      "best_mcc": 0.3319806047992174,
      "best_f1_at_best_epoch": 0.5523163937200717,
      "best_checkpoint": "best_fold1.pt",
      "val_loss": 0.9323585793853231,
      "metrics": {
        "accuracy": 0.5536734566054018,
        "balanced_accuracy": 0.5536986215135361,
        "cohen_kappa": 0.33068845491649557,
        "mcc": 0.3319806047992174,
        "precision_macro": 0.554749529659877,
        "precision_weighted": 0.555047640182206,
        "recall_macro": 0.5536986215135361,
        "recall_weighted": 0.5536734566054018,
        "f1_macro": 0.5521688344882948,
        "f1_weighted": 0.5523163937200717,
        "precision_Other": 0.536559296506826,
        "recall_Other": 0.4613681462140992,
        "f1_Other": 0.4961309958333801,
        "precision_Donor": 0.606662016781857,
        "recall_Donor": 0.5930126854262221,
        "f1_Donor": 0.5997597032857964,
        "precision_Acceptor": 0.521027275690948,
        "recall_Acceptor": 0.6067150329002868,
        "f1_Acceptor": 0.5606158043457079,
        "sensitivity_Other": 0.4613681462140992,
        "specificity_Other": 0.800893360328957,
        "sensitivity_Donor": 0.5930126854262221,
        "specificity_Donor": 0.8047034872128532,
        "sensitivity_Acceptor": 0.6067150329002868,
        "specificity_Acceptor": 0.7253134185734911,
        "roc_auc_macro": 0.7386369259031561,
        "roc_auc_weighted": 0.7387584473014783,
        "roc_auc_Other": 0.7039066055768151,
        "roc_auc_Donor": 0.7725141990460793,
        "roc_auc_Acceptor": 0.7394899730865739,
        "pr_auc_Other": 0.5623066700603148,
        "pr_auc_Donor": 0.6639278426625684,
        "pr_auc_Acceptor": 0.5653899632522691,
        "top1_accuracy": 0.5536734566054018,
        "top2_accuracy": 0.8305067052674799
      },
      "confusion_matrix": [
        [
          22088,
          10197,
          15590
        ],
        [
          8843,
          28703,
          10856
        ],
        [
          10235,
          8413,
          28768
        ]
      ]
    },
    "fold_1": {
      "best_epoch": 50,
      "best_metric": "mcc",
      "best_mcc": 0.32892547617574747,
      "best_f1_at_best_epoch": 0.549858945782365,
      "best_checkpoint": "best_fold2.pt",
      "val_loss": 0.932747554206339,
      "metrics": {
        "accuracy": 0.5515021608568267,
        "balanced_accuracy": 0.5515430201102997,
        "cohen_kappa": 0.327445146588382,
        "mcc": 0.32892547617574747,
        "precision_macro": 0.5526217275855636,
        "precision_weighted": 0.5529227995329219,
        "recall_macro": 0.5515430201102997,
        "recall_weighted": 0.5515021608568267,
        "f1_macro": 0.5497161845843673,
        "f1_weighted": 0.549858945782365,
        "precision_Other": 0.5338273671771135,
        "recall_Other": 0.45290861618798955,
        "f1_Other": 0.4900500604567593,
        "precision_Donor": 0.6052470245016173,
        "recall_Donor": 0.5915044832858146,
        "f1_Donor": 0.5982968496943734,
        "precision_Acceptor": 0.5187907910779602,
        "recall_Acceptor": 0.6102159608570946,
        "f1_Acceptor": 0.5608016436019693,
        "sensitivity_Other": 0.45290861618798955,
        "specificity_Other": 0.8023857730280323,
        "sensitivity_Donor": 0.5915044832858146,
        "specificity_Donor": 0.8040423544720907,
        "sensitivity_Acceptor": 0.6102159608570946,
        "specificity_Acceptor": 0.7212418334597048,
        "roc_auc_macro": 0.7382106151617241,
        "roc_auc_weighted": 0.738327952401685,
        "roc_auc_Other": 0.7033998818582683,
        "roc_auc_Donor": 0.7715155508696423,
        "roc_auc_Acceptor": 0.7397164127572615,
        "pr_auc_Other": 0.5633318909404907,
        "pr_auc_Donor": 0.6616647148273852,
        "pr_auc_Acceptor": 0.5646658873457691,
        "top1_accuracy": 0.5515021608568267,
        "top2_accuracy": 0.8305136645487254
      },
      "confusion_matrix": [
        [
          21683,
          10268,
          15924
        ],
        [
          8858,
          28630,
          10914
        ],
        [
          10077,
          8405,
          28934
        ]
      ]
    },
    "fold_2": {
      "best_epoch": 48,
      "best_metric": "mcc",
      "best_mcc": 0.3306732795756062,
      "best_f1_at_best_epoch": 0.5496144530972611,
      "best_checkpoint": "best_fold3.pt",
      "val_loss": 0.931627025065473,
      "metrics": {
        "accuracy": 0.5519614734190252,
        "balanced_accuracy": 0.5520940320311559,
        "cohen_kappa": 0.328215397913724,
        "mcc": 0.3306732795756062,
        "precision_macro": 0.5546253340837667,
        "precision_weighted": 0.5549632137642994,
        "recall_macro": 0.5520940320311559,
        "recall_weighted": 0.5519614734190252,
        "f1_macro": 0.5494913340602439,
        "f1_weighted": 0.5496144530972611,
        "precision_Other": 0.539714344430744,
        "recall_Other": 0.43885117493472586,
        "f1_Other": 0.48408465145213875,
        "precision_Donor": 0.6108069661177687,
        "recall_Donor": 0.5854923350274782,
        "f1_Donor": 0.5978818118525707,
        "precision_Acceptor": 0.5133546917027875,
        "recall_Acceptor": 0.6319385861312637,
        "f1_Acceptor": 0.5665075388760221,
        "sensitivity_Other": 0.43885117493472586,
        "specificity_Other": 0.812999645160617,
        "sensitivity_Donor": 0.5854923350274782,
        "specificity_Donor": 0.8105067634928798,
        "sensitivity_Acceptor": 0.6319385861312637,
        "specificity_Acceptor": 0.7049658797012786,
        "roc_auc_macro": 0.7387070647496442,
        "roc_auc_weighted": 0.738823862259974,
        "roc_auc_Other": 0.7021976338191633,
        "roc_auc_Donor": 0.7727241169290717,
        "roc_auc_Acceptor": 0.7411994435006976,
        "pr_auc_Other": 0.5626429721029063,
        "pr_auc_Donor": 0.6632860470532634,
        "pr_auc_Acceptor": 0.5663201476068209,
        "top1_accuracy": 0.5519614734190252,
        "top2_accuracy": 0.8312931040482139
      },
      "confusion_matrix": [
        [
          21010,
          10095,
          16770
        ],
        [
          8428,
          28339,
          11635
        ],
        [
          9490,
          7962,
          29964
        ]
      ]
    },
    "fold_3": {
      "best_epoch": 48,
      "best_metric": "mcc",
      "best_mcc": 0.3298682307806708,
      "best_f1_at_best_epoch": 0.550938579769148,
      "best_checkpoint": "best_fold4.pt",
      "val_loss": 0.9331833640663649,
      "metrics": {
        "accuracy": 0.5519583553712106,
        "balanced_accuracy": 0.5520880784725125,
        "cohen_kappa": 0.32821549291008656,
        "mcc": 0.3298682307806708,
        "precision_macro": 0.554675133968268,
        "precision_weighted": 0.5550364999200659,
        "recall_macro": 0.5520880784725125,
        "recall_weighted": 0.5519583553712106,
        "f1_macro": 0.5508096696659674,
        "f1_weighted": 0.550938579769148,
        "precision_Other": 0.5291126548735945,
        "recall_Other": 0.4629556135770235,
        "f1_Other": 0.4938282607726928,
        "precision_Donor": 0.6193031281309139,
        "recall_Donor": 0.5746988698580607,
        "f1_Donor": 0.5961678597453813,