{
  "experiment_name": "HyenaDNA_LongSafari/hyenadna-small-32k-seqlen-hf_w10000",
  "timestamp": "2026-03-06T21:47:56.981547",
  "embedding_dim": 256,
  "num_folds": 5,
  "best_fold": {
    "fold_idx": 4,
    "fold_number": 5,
    "best_metric": "mcc",
    "best_mcc": 0.6152043803589713,
    "checkpoint": "best_fold5.pt",
    "checkpoint_path": "d:\\Splice_FMs_seq_lengths\\results\\classifiers\\HyenaDNA_LongSafari\\hyenadna-small-32k-seqlen-hf_w10000\\checkpoints\\best_fold5.pt"
  },
  "hyperparameters": {
    "num_epochs": 50,
    "batch_size": 256,
    "learning_rate": 0.0001,
    "weight_decay": 0.001,
    "early_stopping_patience": 5,
    "seed": 42,
    "deterministic": false
  },
  "per_fold_results": {
    "fold_0": {
      "best_epoch": 38,
      "best_metric": "mcc",
      "best_mcc": 0.6124611308142622,
      "best_f1_at_best_epoch": 0.7323999768031236,
      "best_checkpoint": "best_fold1.pt",
      "val_loss": 0.6070132100179102,
      "metrics": {
        "accuracy": 0.7390898775504522,
        "balanced_accuracy": 0.7395072299087205,
        "cohen_kappa": 0.6087670275776846,
        "mcc": 0.6124611308142622,
        "precision_macro": 0.7340383980873059,
        "precision_weighted": 0.7341914747183751,
        "recall_macro": 0.7395072299087205,
        "recall_weighted": 0.7390898775504522,
        "f1_macro": 0.7325080619565721,
        "f1_weighted": 0.7323999768031236,
        "precision_Other": 0.6608365019011407,
        "recall_Other": 0.5446568473832655,
        "f1_Other": 0.5971482563133482,
        "precision_Donor": 0.790862427353328,
        "recall_Donor": 0.7705948001488033,
        "f1_Donor": 0.7805970774190847,
        "precision_Acceptor": 0.750416265007449,
        "recall_Acceptor": 0.9032700421940928,
        "f1_Acceptor": 0.819778852137284,
        "sensitivity_Other": 0.5446568473832655,
        "specificity_Other": 0.8603136157684839,
        "sensitivity_Donor": 0.7705948001488033,
        "specificity_Donor": 0.8964992389649924,
        "sensitivity_Acceptor": 0.9032700421940928,
        "specificity_Acceptor": 0.8520534851585958,
        "roc_auc_macro": 0.8777514799091524,
        "roc_auc_weighted": 0.8776767294987762,
        "roc_auc_Other": 0.7883138729401816,
        "roc_auc_Donor": 0.9090400357302691,
        "roc_auc_Acceptor": 0.9359005310570065,
        "pr_auc_Other": 0.657426947926886,
        "pr_auc_Donor": 0.833848370025414,
        "pr_auc_Acceptor": 0.8260259081433756,
        "top1_accuracy": 0.7390898775504522,
        "top2_accuracy": 0.9602787310913256
      },
      "confusion_matrix": [
        [
          26070,
          9856,
          11939
        ],
        [
          8799,
          37286,
          2301
        ],
        [
          4581,
          4,
          42815
        ]
      ]
    },
    "fold_1": {
      "best_epoch": 13,
      "best_metric": "mcc",
      "best_mcc": 0.6132324992803565,
      "best_f1_at_best_epoch": 0.7336256864836433,
      "best_checkpoint": "best_fold2.pt",
      "val_loss": 0.6107607001299535,
      "metrics": {
        "accuracy": 0.7398973902026439,
        "balanced_accuracy": 0.7402903060387626,
        "cohen_kappa": 0.6099677366561451,
        "mcc": 0.6132324992803565,
        "precision_macro": 0.7347197368886724,
        "precision_weighted": 0.7348601324557671,
        "recall_macro": 0.7402903060387626,
        "recall_weighted": 0.7398973902026439,
        "f1_macro": 0.7337305498374115,
        "f1_weighted": 0.7336256864836433,
        "precision_Other": 0.6584663176090387,
        "recall_Other": 0.5491277551446777,
        "f1_Other": 0.5988471440614249,
        "precision_Donor": 0.791135359174438,
        "recall_Donor": 0.7731988591741413,
        "f1_Donor": 0.7820642801149725,
        "precision_Acceptor": 0.7545575338825405,
        "recall_Acceptor": 0.8985443037974683,
        "f1_Acceptor": 0.8202802253358371,
        "sensitivity_Other": 0.5491277551446777,
        "specificity_Other": 0.8576723111937026,
        "sensitivity_Donor": 0.7731988591741413,
        "specificity_Donor": 0.896320789377001,
        "sensitivity_Acceptor": 0.8985443037974683,
        "specificity_Acceptor": 0.8560638331030327,
        "roc_auc_macro": 0.8753012890858681,
        "roc_auc_weighted": 0.8752294820916986,
        "roc_auc_Other": 0.7845518733546339,
        "roc_auc_Donor": 0.9076373253896904,
        "roc_auc_Acceptor": 0.93371466851328,
        "pr_auc_Other": 0.6543422769332371,
        "pr_auc_Donor": 0.8292599839620316,
        "pr_auc_Acceptor": 0.818573236841364,
        "top1_accuracy": 0.7398973902026439,
        "top2_accuracy": 0.9597009418660504
      },
      "confusion_matrix": [
        [
          26284,
          9877,
          11704
        ],
        [
          8824,
          37412,
          2150
        ],
        [
          4809,
          0,
          42591
        ]
      ]
    },
    "fold_2": {
      "best_epoch": 24,
      "best_metric": "mcc",
      "best_mcc": 0.6140881055469035,
      "best_f1_at_best_epoch": 0.7340869156450303,
      "best_checkpoint": "best_fold3.pt",
      "val_loss": 0.6077611934778104,
      "metrics": {
        "accuracy": 0.7403846823203458,
        "balanced_accuracy": 0.7407806242118351,
        "cohen_kappa": 0.6107027332953576,
        "mcc": 0.6140881055469035,
        "precision_macro": 0.7354021875449269,
        "precision_weighted": 0.7355555053095248,
        "recall_macro": 0.7407806242118351,
        "recall_weighted": 0.7403846823203458,
        "f1_macro": 0.7341860605296459,
        "f1_weighted": 0.7340869156450303,
        "precision_Other": 0.6602736287184636,
        "recall_Other": 0.5495038128068526,
        "f1_Other": 0.5998175598631699,
        "precision_Donor": 0.7931699665069741,
        "recall_Donor": 0.7733021948497499,
        "f1_Donor": 0.7831100879028883,
        "precision_Acceptor": 0.7527629674093429,
        "recall_Acceptor": 0.8995358649789029,
        "f1_Acceptor": 0.8196305338228792,
        "sensitivity_Other": 0.5495038128068526,
        "specificity_Other": 0.8587163050967782,
        "sensitivity_Donor": 0.7733021948497499,
        "specificity_Donor": 0.8975804335275285,
        "sensitivity_Acceptor": 0.8995358649789029,
        "specificity_Acceptor": 0.8545054077360236,
        "roc_auc_macro": 0.8772350646271438,
        "roc_auc_weighted": 0.8771658198837641,
        "roc_auc_Other": 0.7876895989388093,
        "roc_auc_Donor": 0.9093766111928999,
        "roc_auc_Acceptor": 0.9346389837497223,
        "pr_auc_Other": 0.6608817619649232,
        "pr_auc_Donor": 0.8333495336909256,
        "pr_auc_Acceptor": 0.8203529975118655,
        "top1_accuracy": 0.7403846823203458,
        "top2_accuracy": 0.9603901121468003
      },
      "confusion_matrix": [
        [
          26302,
          9757,
          11806
        ],
        [
          8771,
          37417,
          2198
        ],
        [
          4762,
          0,
          42638
        ]
      ]
    },
    "fold_3": {
      "best_epoch": 33,
      "best_metric": "mcc",
      "best_mcc": 0.6118197401872703,
      "best_f1_at_best_epoch": 0.7323486009235983,
      "best_checkpoint": "best_fold4.pt",
      "val_loss": 0.6095278655506963,
      "metrics": {
        "accuracy": 0.7387747998607727,
        "balanced_accuracy": 0.7391875156025711,
        "cohen_kappa": 0.6082947941926209,
        "mcc": 0.6118197401872703,
        "precision_macro": 0.733848502575333,
        "precision_weighted": 0.7340075758456027,
        "recall_macro": 0.7391875156025711,
        "recall_weighted": 0.7387747998607727,
        "f1_macro": 0.7324522228531553,
        "f1_weighted": 0.7323486009235983,
        "precision_Other": 0.6587513206218242,
        "recall_Other": 0.5471335450442921,
        "f1_Other": 0.5977767125476501,
        "precision_Donor": 0.7923636827991316,
        "recall_Donor": 0.7694374405819865,
        "f1_Donor": 0.780732290399698,