{
  "experiment_name": "NucleotideTransformer_InstaDeepAI/nucleotide-transformer-500m-human-ref_w300",
  "timestamp": "2026-03-05T14:32:40.103453",
  "embedding_dim": 1280,
  "num_folds": 5,
  "hyperparameters": {
    "num_epochs": 50,
    "batch_size": 256,
    "learning_rate": 0.0001,
    "weight_decay": 0.001,
    "early_stopping_patience": 5,
    "seed": 42,
    "deterministic": false
  },
  "per_fold_results": {
    "fold_0": {
      "best_epoch": 14,
      "best_metric": "mcc",
      "best_mcc": 0.863907325257298,
      "best_f1_at_best_epoch": 0.9089982448107177,
      "val_loss": 0.25633513602656827,
      "metrics": {
        "accuracy": 0.909203529968542,
        "balanced_accuracy": 0.909172481693418,
        "cohen_kappa": 0.8638072909142179,
        "mcc": 0.863907325257298,
        "precision_macro": 0.9088779977345812,
        "precision_weighted": 0.9090009319061619,
        "recall_macro": 0.909172481693418,
        "recall_weighted": 0.909203529968542,
        "f1_macro": 0.9089206458616771,
        "f1_weighted": 0.9089982448107177,
        "precision_Other": 0.8781830252928704,
        "recall_Other": 0.8566623490577863,
        "f1_Other": 0.8672892056811091,
        "precision_Donor": 0.9408350263277914,
        "recall_Donor": 0.937666577136836,
        "f1_Donor": 0.939248129637103,
        "precision_Acceptor": 0.9076159415830821,
        "recall_Acceptor": 0.9331885188856317,
        "f1_Acceptor": 0.9202246022668191,
        "sensitivity_Other": 0.8566623490577863,
        "specificity_Other": 0.9406374585151015,
        "sensitivity_Donor": 0.937666577136836,
        "specificity_Donor": 0.9700471227816084,
        "sensitivity_Acceptor": 0.9331885188856317,
        "specificity_Acceptor": 0.9532134584021523,
        "roc_auc_macro": 0.9815599496359223,
        "roc_auc_weighted": 0.9815747269424906,
        "roc_auc_Other": 0.9664231138524987,
        "roc_auc_Donor": 0.9906246872209926,
        "roc_auc_Acceptor": 0.9876320478342757,
        "pr_auc_Other": 0.936542915677156,
        "pr_auc_Donor": 0.983364033526334,
        "pr_auc_Acceptor": 0.9739086414037944,
        "top1_accuracy": 0.909203529968542,
        "top2_accuracy": 0.9932977923777178
      },
      "confusion_matrix": [
        [
          41005,
          2645,
          4216
        ],
        [
          2729,
          45384,
          288
        ],
        [
          2959,
          209,
          44249
        ]
      ]
    },
    "fold_1": {
      "best_epoch": 8,
      "best_metric": "mcc",
      "best_mcc": 0.8655357278073497,
      "best_f1_at_best_epoch": 0.9100319675712867,
      "val_loss": 0.24048161989217126,
      "metrics": {
        "accuracy": 0.9102614069764204,
        "balanced_accuracy": 0.910242396681295,
        "cohen_kappa": 0.8653956352251193,
        "mcc": 0.8655357278073497,
        "precision_macro": 0.9099611131048286,
        "precision_weighted": 0.9100933436841216,
        "recall_macro": 0.910242396681295,
        "recall_weighted": 0.9102614069764204,
        "f1_macro": 0.9099554889025212,
        "f1_weighted": 0.9100319675712867,
        "precision_Other": 0.8818267824890341,
        "recall_Other": 0.8568085906488948,
        "f1_Other": 0.8691376862271388,
        "precision_Donor": 0.942070512021926,
        "recall_Donor": 0.9373992810214454,
        "f1_Donor": 0.9397290915869269,
        "precision_Acceptor": 0.9059860448035255,
        "recall_Acceptor": 0.9365193183735447,
        "f1_Acceptor": 0.9209996888934979,
        "sensitivity_Other": 0.8568085906488948,
        "specificity_Other": 0.9426412573837901,
        "sensitivity_Donor": 0.9373992810214454,
        "specificity_Donor": 0.9707184987720661,
        "sensitivity_Acceptor": 0.9365193183735447,
        "specificity_Acceptor": 0.9521336269580754,
        "roc_auc_macro": 0.9820978315747487,
        "roc_auc_weighted": 0.982112507932695,
        "roc_auc_Other": 0.9673388349338248,
        "roc_auc_Donor": 0.9909723815783797,
        "roc_auc_Acceptor": 0.9879822782120415,
        "pr_auc_Other": 0.9386946812597583,
        "pr_auc_Donor": 0.9835699610995189,
        "pr_auc_Acceptor": 0.9746087667248734,
        "top1_accuracy": 0.9102614069764204,
        "top2_accuracy": 0.9936318588012584
      },
      "confusion_matrix": [
        [
          41012,
          2565,
          4289
        ],
        [
          2711,
          45372,
          319
        ],
        [
          2785,
          225,
          44406
        ]
      ]
    },
    "fold_2": {
      "best_epoch": 9,
      "best_metric": "mcc",
      "best_mcc": 0.8658137211006715,
      "best_f1_at_best_epoch": 0.9102679359149087,
      "val_loss": 0.24071252947918462,
      "metrics": {
        "accuracy": 0.9104626156191059,
        "balanced_accuracy": 0.9104391226214373,
        "cohen_kappa": 0.8656971899095032,
        "mcc": 0.8658137211006715,
        "precision_macro": 0.9101817520964257,
        "precision_weighted": 0.9103152408415585,
        "recall_macro": 0.9104391226214373,
        "recall_weighted": 0.9104626156191059,
        "f1_macro": 0.9101887200020676,
        "f1_weighted": 0.9102679359149087,
        "precision_Other": 0.8803590941229404,
        "recall_Other": 0.8584351822835057,
        "f1_Other": 0.8692589223381074,
        "precision_Donor": 0.9432146494564653,
        "recall_Donor": 0.9375439031444982,
        "f1_Donor": 0.9403707272595402,
        "precision_Acceptor": 0.9069715127098714,
        "recall_Acceptor": 0.9353382824363085,
        "f1_Acceptor": 0.9209365104085553,
        "sensitivity_Other": 0.8584351822835057,
        "specificity_Other": 0.9417228495689746,
        "sensitivity_Donor": 0.9375439031444982,
        "specificity_Donor": 0.9713269172237907,
        "sensitivity_Acceptor": 0.9353382824363085,
        "specificity_Acceptor": 0.9527460084972005,
        "roc_auc_macro": 0.9819789726352752,
        "roc_auc_weighted": 0.981993279228595,
        "roc_auc_Other": 0.9670794716960281,
        "roc_auc_Donor": 0.9908486381217727,
        "roc_auc_Acceptor": 0.9880088080880247,
        "pr_auc_Other": 0.9384493114315433,
        "pr_auc_Donor": 0.983451809396958,
        "pr_auc_Acceptor": 0.9743257113697259,
        "top1_accuracy": 0.9104626156191059,
        "top2_accuracy": 0.9936178949492981
      },
      "confusion_matrix": [
        [
          41089,
          2503,
          4273
        ],
        [
          2747,
          45379,
          276
        ],
        [
          2837,
          229,
          44350
        ]
      ]
    },
    "fold_3": {
      "best_epoch": 8,
      "best_metric": "mcc",
      "best_mcc": 0.8637367867022541,
      "best_f1_at_best_epoch": 0.9088047762216496,
      "val_loss": 0.24068892118769608,
      "metrics": {
        "accuracy": 0.909070662500087,
        "balanced_accuracy": 0.9090399567581735,
        "cohen_kappa": 0.8636077104494915,
        "mcc": 0.8637367867022541,
        "precision_macro": 0.90868843129316,
        "precision_weighted": 0.9088073253444023,
        "recall_macro": 0.9090399567581735,
        "recall_weighted": 0.909070662500087,
        "f1_macro": 0.9087292456441017,
        "f1_weighted": 0.9088047762216496,
        "precision_Other": 0.8799362645880884,
        "recall_Other": 0.853776245691006,
        "f1_Other": 0.8666588906443848,
        "precision_Donor": 0.9391070690367921,
        "recall_Donor": 0.938680219825627,
        "f1_Donor": 0.938893595916596,
        "precision_Acceptor": 0.9070219602545998,
        "recall_Acceptor": 0.9346634047578877,
        "f1_Acceptor": 0.9206352503713244,
        "sensitivity_Other": 0.853776245691006,
        "specificity_Other": 0.9418063411885031,
        "sensitivity_Donor": 0.938680219825627,
        "specificity_Donor": 0.9690809290414668,
        "sensitivity_Acceptor": 0.9346634047578877,
        "specificity_Acceptor": 0.9528083351511941,
        "roc_auc_macro": 0.9819214027892819,