{
  "experiment_name": "HyenaDNA_LongSafari/hyenadna-small-32k-seqlen-hf_w2000",
  "timestamp": "2026-03-07T17:16:43.297081",
  "embedding_dim": 256,
  "num_folds": 5,
  "best_fold": {
    "fold_idx": 2,
    "fold_number": 3,
    "best_metric": "mcc",
    "best_mcc": 0.6840909081148322,
    "checkpoint": "best_fold3.pt",
    "checkpoint_path": "d:\\Splice_FMs_seq_lengths\\results\\classifiers\\HyenaDNA_LongSafari\\hyenadna-small-32k-seqlen-hf_w2000\\checkpoints\\best_fold3.pt"
  },
  "hyperparameters": {
    "num_epochs": 50,
    "batch_size": 256,
    "learning_rate": 0.0001,
    "weight_decay": 0.001,
    "early_stopping_patience": 5,
    "seed": 42,
    "deterministic": false
  },
  "per_fold_results": {
    "fold_0": {
      "best_epoch": 20,
      "best_metric": "mcc",
      "best_mcc": 0.6824120658172433,
      "best_f1_at_best_epoch": 0.7762796655842898,
      "best_checkpoint": "best_fold1.pt",
      "val_loss": 0.5027393655738797,
      "metrics": {
        "accuracy": 0.7837397581638833,
        "balanced_accuracy": 0.7838987290385632,
        "cohen_kappa": 0.6756914575273942,
        "mcc": 0.6824120658172433,
        "precision_macro": 0.7842726267620298,
        "precision_weighted": 0.7845416471353863,
        "recall_macro": 0.7838987290385632,
        "recall_weighted": 0.7837397581638833,
        "f1_macro": 0.7761953853400961,
        "f1_weighted": 0.7762796655842898,
        "precision_Other": 0.7722501269823353,
        "recall_Other": 0.5717538911521989,
        "f1_Other": 0.6570471651681212,
        "precision_Donor": 0.8291362251906117,
        "recall_Donor": 0.8607861778200306,
        "f1_Donor": 0.8446648211805028,
        "precision_Acceptor": 0.7514315281131425,
        "recall_Acceptor": 0.9191561181434599,
        "f1_Acceptor": 0.8268741696716645,
        "sensitivity_Other": 0.5717538911521989,
        "specificity_Other": 0.9157392520827679,
        "sensitivity_Donor": 0.8607861778200306,
        "specificity_Donor": 0.9099039521335223,
        "sensitivity_Acceptor": 0.9191561181434599,
        "specificity_Acceptor": 0.8502664907377586,
        "roc_auc_macro": 0.9107038270096358,
        "roc_auc_weighted": 0.910781779172228,
        "roc_auc_Other": 0.8343978344698275,
        "roc_auc_Donor": 0.9580468215730544,
        "roc_auc_Acceptor": 0.9396668249860256,
        "pr_auc_Other": 0.7604302239260419,
        "pr_auc_Donor": 0.909791962173419,
        "pr_auc_Acceptor": 0.8361061002821749,
        "top1_accuracy": 0.7837397581638833,
        "top2_accuracy": 0.9790812455186528
      },
      "confusion_matrix": [
        [
          27367,
          8054,
          12444
        ],
        [
          4768,
          41650,
          1968
        ],
        [
          3303,
          529,
          43568
        ]
      ]
    },
    "fold_1": {
      "best_epoch": 15,
      "best_metric": "mcc",
      "best_mcc": 0.6829177449565772,
      "best_f1_at_best_epoch": 0.7778962981657411,
      "best_checkpoint": "best_fold2.pt",
      "val_loss": 0.5013091572663114,
      "metrics": {
        "accuracy": 0.7844985416043049,
        "balanced_accuracy": 0.784688979176858,
        "cohen_kappa": 0.6768400268681252,
        "mcc": 0.6829177449565772,
        "precision_macro": 0.7849412997390729,
        "precision_weighted": 0.7852329636275678,
        "recall_macro": 0.784688979176858,
        "recall_weighted": 0.7844985416043049,
        "f1_macro": 0.7778161611562143,
        "f1_weighted": 0.7778962981657411,
        "precision_Other": 0.7676534454797834,
        "recall_Other": 0.5834743549566489,
        "f1_Other": 0.6630107067397859,
        "precision_Donor": 0.8355870010339165,
        "recall_Donor": 0.8518373083123217,
        "f1_Donor": 0.8436339074636947,
        "precision_Acceptor": 0.751583452703519,
        "recall_Acceptor": 0.9187552742616034,
        "f1_Acceptor": 0.8268038692651624,
        "sensitivity_Other": 0.5834743549566489,
        "specificity_Other": 0.9117511953730191,
        "sensitivity_Donor": 0.8518373083123217,
        "specificity_Donor": 0.9148690494935181,
        "sensitivity_Acceptor": 0.9187552742616034,
        "specificity_Acceptor": 0.8504535017817997,
        "roc_auc_macro": 0.9114075203045043,
        "roc_auc_weighted": 0.9114843585362555,
        "roc_auc_Other": 0.8366555716713548,
        "roc_auc_Donor": 0.9578553346490141,
        "roc_auc_Acceptor": 0.9397116545931442,
        "pr_auc_Other": 0.7597550298995883,
        "pr_auc_Donor": 0.9084506761392951,
        "pr_auc_Acceptor": 0.8266871454817554,
        "top1_accuracy": 0.7844985416043049,
        "top2_accuracy": 0.9785869920849838
      },
      "confusion_matrix": [
        [
          27928,
          7539,
          12398
        ],
        [
          5173,
          41217,
          1996
        ],
        [
          3280,
          571,
          43549
        ]
      ]
    },
    "fold_2": {
      "best_epoch": 11,
      "best_metric": "mcc",
      "best_mcc": 0.6840909081148322,
      "best_f1_at_best_epoch": 0.7775452902368606,
      "best_checkpoint": "best_fold3.pt",
      "val_loss": 0.5038587744762041,
      "metrics": {
        "accuracy": 0.7848814139824992,
        "balanced_accuracy": 0.7850272195107849,
        "cohen_kappa": 0.6774005915041892,
        "mcc": 0.6840909081148322,
        "precision_macro": 0.7856338782929093,
        "precision_weighted": 0.7859018425908512,
        "recall_macro": 0.7850272195107849,
        "recall_weighted": 0.7848814139824992,
        "f1_macro": 0.7774556992229008,
        "f1_weighted": 0.7775452902368606,
        "precision_Other": 0.7758679085520745,
        "recall_Other": 0.5743027264180508,
        "f1_Other": 0.6600396182243832,
        "precision_Donor": 0.8292794313285546,
        "recall_Donor": 0.8631628983590295,
        "f1_Donor": 0.845881983615024,
        "precision_Acceptor": 0.7517542949980988,
        "recall_Acceptor": 0.9176160337552742,
        "f1_Acceptor": 0.8264454958292956,
        "sensitivity_Other": 0.5743027264180508,
        "specificity_Other": 0.9170964441567662,
        "sensitivity_Donor": 0.8631628983590295,
        "specificity_Donor": 0.9097464966147063,
        "sensitivity_Acceptor": 0.9176160337552742,
        "specificity_Acceptor": 0.8507755763576482,
        "roc_auc_macro": 0.9104881458785291,
        "roc_auc_weighted": 0.9105717779164973,
        "roc_auc_Other": 0.835470633247616,
        "roc_auc_Donor": 0.958050995026179,
        "roc_auc_Acceptor": 0.9379428093617921,
        "pr_auc_Other": 0.7600477280791781,
        "pr_auc_Donor": 0.909821269963519,
        "pr_auc_Acceptor": 0.8268140217424824,
        "top1_accuracy": 0.7848814139824992,
        "top2_accuracy": 0.9789629031472109
      },
      "confusion_matrix": [
        [
          27489,
          8013,
          12363
        ],
        [
          4621,
          41765,
          2000
        ],
        [
          3320,
          585,
          43495
        ]
      ]
    },
    "fold_3": {
      "best_epoch": 9,
      "best_metric": "mcc",
      "best_mcc": 0.6802563332006574,
      "best_f1_at_best_epoch": 0.7748459718829085,
      "best_checkpoint": "best_fold4.pt",
      "val_loss": 0.5061060550798301,
      "metrics": {
        "accuracy": 0.7822763661677689,
        "balanced_accuracy": 0.7824444781106329,
        "cohen_kappa": 0.67350165306075,
        "mcc": 0.6802563332006574,
        "precision_macro": 0.7828771484692864,
        "precision_weighted": 0.7831581267210298,
        "recall_macro": 0.7824444781106329,
        "recall_weighted": 0.7822763661677689,
        "f1_macro": 0.7747591248583304,
        "f1_weighted": 0.7748459718829085,
        "precision_Other": 0.7697012401352875,
        "recall_Other": 0.5705540698646164,
        "f1_Other": 0.6553321174889614,
        "precision_Donor": 0.8300132005280211,
        "recall_Donor": 0.8576654404166495,
        "f1_Donor": 0.8436127825662709,