{
  "experiment_name": "NucleotideTransformer_InstaDeepAI/nucleotide-transformer-v2-100m-multi-species_w300",
  "timestamp": "2026-03-06T15:37:44.068965",
  "embedding_dim": 512,
  "num_folds": 5,
  "best_fold": {
    "fold_idx": 1,
    "fold_number": 2,
    "best_metric": "mcc",
    "best_mcc": 0.6954145815054799,
    "checkpoint": "best_fold2.pt",
    "checkpoint_path": "d:\\Splice_FMs_seq_lengths\\results\\classifiers\\NucleotideTransformer_InstaDeepAI\\nucleotide-transformer-v2-100m-multi-species_w300\\checkpoints\\best_fold2.pt"
  },
  "hyperparameters": {
    "num_epochs": 50,
    "batch_size": 256,
    "learning_rate": 0.0001,
    "weight_decay": 0.001,
    "early_stopping_patience": 5,
    "seed": 42,
    "deterministic": false
  },
  "per_fold_results": {
    "fold_0": {
      "best_epoch": 50,
      "best_metric": "mcc",
      "best_mcc": 0.6929769153930988,
      "best_f1_at_best_epoch": 0.7940785111558405,
      "best_checkpoint": "best_fold1.pt",
      "val_loss": 0.49434116318344645,
      "metrics": {
        "accuracy": 0.7951755240667019,
        "balanced_accuracy": 0.794826161439162,
        "cohen_kappa": 0.6927548586615302,
        "mcc": 0.6929769153930988,
        "precision_macro": 0.7931126068137665,
        "precision_weighted": 0.7934691461391249,
        "recall_macro": 0.794826161439162,
        "recall_weighted": 0.7951755240667019,
        "f1_macro": 0.7937252135687572,
        "f1_weighted": 0.7940785111558405,
        "precision_Other": 0.7195406344876139,
        "recall_Other": 0.6832824969707099,
        "f1_Other": 0.7009429918559794,
        "precision_Donor": 0.8787455458373826,
        "recall_Donor": 0.8967376707092829,
        "f1_Donor": 0.8876504453283978,
        "precision_Acceptor": 0.7810516401163029,
        "recall_Acceptor": 0.8044583166374929,
        "f1_Acceptor": 0.792582203521895,
        "sensitivity_Other": 0.6832824969707099,
        "specificity_Other": 0.8669561042810328,
        "sensitivity_Donor": 0.8967376707092829,
        "specificity_Donor": 0.9371451360683438,
        "sensitivity_Acceptor": 0.8044583166374929,
        "specificity_Acceptor": 0.8889235148077742,
        "roc_auc_macro": 0.9255898162141953,
        "roc_auc_weighted": 0.925748993295285,
        "roc_auc_Other": 0.8741604620126139,
        "roc_auc_Donor": 0.9723001614944955,
        "roc_auc_Acceptor": 0.9303088251354764,
        "pr_auc_Other": 0.7722855141658931,
        "pr_auc_Donor": 0.9492784343406486,
        "pr_auc_Acceptor": 0.8640008960639352,
        "top1_accuracy": 0.7951755240667019,
        "top2_accuracy": 0.9707065504857882
      },
      "confusion_matrix": [
        [
          32706,
          4945,
          10215
        ],
        [
          4520,
          43403,
          478
        ],
        [
          8228,
          1044,
          38145
        ]
      ]
    },
    "fold_1": {
      "best_epoch": 48,
      "best_metric": "mcc",
      "best_mcc": 0.6954145815054799,
      "best_f1_at_best_epoch": 0.7962952350511191,
      "best_checkpoint": "best_fold2.pt",
      "val_loss": 0.4917111496484152,
      "metrics": {
        "accuracy": 0.7969224130731327,
        "balanced_accuracy": 0.7964945514858632,
        "cohen_kappa": 0.6953508010315559,
        "mcc": 0.6954145815054799,
        "precision_macro": 0.7955140419176742,
        "precision_weighted": 0.7958196869825424,
        "recall_macro": 0.7964945514858632,
        "recall_weighted": 0.7969224130731327,
        "f1_macro": 0.7959288924254609,
        "f1_weighted": 0.7962952350511191,
        "precision_Other": 0.7129308154797188,
        "recall_Other": 0.703547403167175,
        "f1_Other": 0.7082080292738323,
        "precision_Donor": 0.877744018994346,
        "recall_Donor": 0.901264410561547,
        "f1_Donor": 0.8893487324288234,
        "precision_Acceptor": 0.7958672912789578,
        "recall_Acceptor": 0.7846718407288679,
        "f1_Acceptor": 0.790229915573727,
        "sensitivity_Other": 0.703547403167175,
        "specificity_Other": 0.8584817048988708,
        "sensitivity_Donor": 0.901264410561547,
        "specificity_Donor": 0.9362313973258328,
        "sensitivity_Acceptor": 0.7846718407288679,
        "specificity_Acceptor": 0.9008704865583579,
        "roc_auc_macro": 0.9262400482458141,
        "roc_auc_weighted": 0.9263968654605136,
        "roc_auc_Other": 0.8750349900023251,
        "roc_auc_Donor": 0.9724615501590571,
        "roc_auc_Acceptor": 0.9312236045760602,
        "pr_auc_Other": 0.7728643259344496,
        "pr_auc_Donor": 0.9488748498947228,
        "pr_auc_Acceptor": 0.8672719772341605,
        "top1_accuracy": 0.7969224130731327,
        "top2_accuracy": 0.9715277971103254
      },
      "confusion_matrix": [
        [
          33676,
          5021,
          9169
        ],
        [
          4405,
          43623,
          374
        ],
        [
          9155,
          1055,
          37206
        ]
      ]
    },
    "fold_2": {
      "best_epoch": 38,
      "best_metric": "mcc",
      "best_mcc": 0.6941969024806485,
      "best_f1_at_best_epoch": 0.7949719863675105,
      "best_checkpoint": "best_fold3.pt",
      "val_loss": 0.4947936188071648,
      "metrics": {
        "accuracy": 0.7960440692357481,
        "balanced_accuracy": 0.7956325547198478,
        "cohen_kappa": 0.6940450607938655,
        "mcc": 0.6941969024806485,
        "precision_macro": 0.7938872979048636,
        "precision_weighted": 0.7942387217164275,
        "recall_macro": 0.7956325547198478,
        "recall_weighted": 0.7960440692357481,
        "f1_macro": 0.7945909528093363,
        "f1_weighted": 0.7949719863675105,
        "precision_Other": 0.7177739054672184,
        "recall_Other": 0.6884571189804659,
        "f1_Other": 0.7028099173553719,
        "precision_Donor": 0.8797580288596809,
        "recall_Donor": 0.9044047766621214,
        "f1_Donor": 0.8919111654441728,
        "precision_Acceptor": 0.7841299593876914,
        "recall_Acceptor": 0.7940357685169563,
        "f1_Acceptor": 0.7890517756284645,
        "sensitivity_Other": 0.6884571189804659,
        "specificity_Other": 0.8647748857208458,
        "sensitivity_Donor": 0.9044047766621214,
        "specificity_Donor": 0.937206788341852,
        "sensitivity_Acceptor": 0.7940357685169563,
        "specificity_Acceptor": 0.8923307052260899,
        "roc_auc_macro": 0.9251318104563491,
        "roc_auc_weighted": 0.9252967974205428,
        "roc_auc_Other": 0.8733088342599927,
        "roc_auc_Donor": 0.9727731271788723,
        "roc_auc_Acceptor": 0.9293134699301822,
        "pr_auc_Other": 0.7704304385672367,
        "pr_auc_Donor": 0.9487300211240416,
        "pr_auc_Acceptor": 0.8621007365418112,
        "top1_accuracy": 0.7960440692357481,
        "top2_accuracy": 0.9708664212189333
      },
      "confusion_matrix": [
        [
          32953,
          4961,
          9951
        ],
        [
          4213,
          43775,
          414
        ],
        [
          8744,
          1022,
          37650
        ]
      ]
    },
    "fold_3": {
      "best_epoch": 47,
      "best_metric": "mcc",
      "best_mcc": 0.6919750368352728,
      "best_f1_at_best_epoch": 0.7931677931061321,
      "best_checkpoint": "best_fold4.pt",
      "val_loss": 0.49392131803510875,
      "metrics": {
        "accuracy": 0.7944711622112567,
        "balanced_accuracy": 0.7940971640058945,
        "cohen_kappa": 0.6916948634137448,
        "mcc": 0.6919750368352728,
        "precision_macro": 0.79212167673972,
        "precision_weighted": 0.7924837551914139,
        "recall_macro": 0.7940971640058945,
        "recall_weighted": 0.7944711622112567,
        "f1_macro": 0.7927995819730769,
        "f1_weighted": 0.7931677931061321,
        "precision_Other": 0.7203429255000997,
        "recall_Other": 0.6793481667188969,
        "f1_Other": 0.6992452099864525,
        "precision_Donor": 0.8775711468019161,