{
  "experiment_name": "NucleotideTransformer_InstaDeepAI/nucleotide-transformer-v2-250m-multi-species_w1000",
  "timestamp": "2026-03-06T21:25:14.011215",
  "embedding_dim": 768,
  "num_folds": 5,
  "best_fold": {
    "fold_idx": 0,
    "fold_number": 1,
    "best_metric": "mcc",
    "best_mcc": 0.3777225726978729,
    "checkpoint": "best_fold1.pt",
    "checkpoint_path": "d:\\Splice_FMs_seq_lengths\\results\\classifiers\\NucleotideTransformer_InstaDeepAI\\nucleotide-transformer-v2-250m-multi-species_w1000\\checkpoints\\best_fold1.pt"
  },
  "hyperparameters": {
    "num_epochs": 50,
    "batch_size": 256,
    "learning_rate": 0.0001,
    "weight_decay": 0.001,
    "early_stopping_patience": 5,
    "seed": 42,
    "deterministic": false
  },
  "per_fold_results": {
    "fold_0": {
      "best_epoch": 50,
      "best_metric": "mcc",
      "best_mcc": 0.3777225726978729,
      "best_f1_at_best_epoch": 0.5836538077768116,
      "best_checkpoint": "best_fold1.pt",
      "val_loss": 0.8731575842641851,
      "metrics": {
        "accuracy": 0.5846050003827179,
        "balanced_accuracy": 0.5845092061436766,
        "cohen_kappa": 0.3770226824148757,
        "mcc": 0.3777225726978729,
        "precision_macro": 0.584383931981087,
        "precision_weighted": 0.5847328893884699,
        "recall_macro": 0.5845092061436766,
        "recall_weighted": 0.5846050003827179,
        "f1_macro": 0.5834256680157103,
        "f1_weighted": 0.5836538077768116,
        "precision_Other": 0.5409378317256658,
        "recall_Other": 0.4894554414098388,
        "f1_Other": 0.5139105079692193,
        "precision_Donor": 0.6561895144323824,
        "recall_Donor": 0.6443948597165406,
        "f1_Donor": 0.6502387057768882,
        "precision_Acceptor": 0.5560244497852128,
        "recall_Acceptor": 0.6196773173046505,
        "f1_Acceptor": 0.5861277903010234,
        "sensitivity_Other": 0.4894554414098388,
        "specificity_Other": 0.792385484830458,
        "sensitivity_Donor": 0.6443948597165406,
        "specificity_Donor": 0.8285330563337425,
        "sensitivity_Acceptor": 0.6196773173046505,
        "specificity_Acceptor": 0.7563607286019898,
        "roc_auc_macro": 0.77266074235557,
        "roc_auc_weighted": 0.7728450736672491,
        "roc_auc_Other": 0.7238213213633148,
        "roc_auc_Donor": 0.823102963514017,
        "roc_auc_Acceptor": 0.7710579421893785,
        "pr_auc_Other": 0.5877218622994582,
        "pr_auc_Donor": 0.7412353519342563,
        "pr_auc_Acceptor": 0.6115935559868706,
        "top1_accuracy": 0.5846050003827179,
        "top2_accuracy": 0.8538156969987962
      },
      "confusion_matrix": [
        [
          23441,
          9270,
          15181
        ],
        [
          8932,
          31190,
          8280
        ],
        [
          10961,
          7072,
          29382
        ]
      ]
    },
    "fold_1": {
      "best_epoch": 46,
      "best_metric": "mcc",
      "best_mcc": 0.37755677352892864,
      "best_f1_at_best_epoch": 0.5832294345329507,
      "best_checkpoint": "best_fold2.pt",
      "val_loss": 0.8721627436074498,
      "metrics": {
        "accuracy": 0.5842918675935397,
        "balanced_accuracy": 0.5842393123316855,
        "cohen_kappa": 0.376582968585343,
        "mcc": 0.37755677352892864,
        "precision_macro": 0.5846263562615176,
        "precision_weighted": 0.5849858974426377,
        "recall_macro": 0.5842393123316855,
        "recall_weighted": 0.5842918675935397,
        "f1_macro": 0.5830154552434531,
        "f1_weighted": 0.5832294345329507,
        "precision_Other": 0.5471096096096096,
        "recall_Other": 0.4869289234110081,
        "f1_Other": 0.5152680189137832,
        "precision_Donor": 0.6551074016014914,
        "recall_Donor": 0.6389198793438288,
        "f1_Donor": 0.6469123922684294,
        "precision_Acceptor": 0.5516620575734517,
        "recall_Acceptor": 0.6268691342402194,
        "f1_Acceptor": 0.5868659545481469,
        "sensitivity_Other": 0.4869289234110081,
        "specificity_Other": 0.7985326194725362,
        "sensitivity_Donor": 0.6389198793438288,
        "specificity_Donor": 0.8291730932670213,
        "sensitivity_Acceptor": 0.6268691342402194,
        "specificity_Acceptor": 0.7491432488005483,
        "roc_auc_macro": 0.7728893901102794,
        "roc_auc_weighted": 0.7730691391337328,
        "roc_auc_Other": 0.7252075369457083,
        "roc_auc_Donor": 0.8221049892703359,
        "roc_auc_Acceptor": 0.7713556441147938,
        "pr_auc_Other": 0.5914800630763439,
        "pr_auc_Donor": 0.742142152132525,
        "pr_auc_Acceptor": 0.6109117896077454,
        "top1_accuracy": 0.5842918675935397,
        "top2_accuracy": 0.8512480081275355
      },
      "confusion_matrix": [
        [
          23320,
          9283,
          15289
        ],
        [
          8610,
          30925,
          8867
        ],
        [
          10694,
          6998,
          29723
        ]
      ]
    },
    "fold_2": {
      "best_epoch": 50,
      "best_metric": "mcc",
      "best_mcc": 0.37398334491492485,
      "best_f1_at_best_epoch": 0.5806900047140146,
      "best_checkpoint": "best_fold3.pt",
      "val_loss": 0.8744953652293657,
      "metrics": {
        "accuracy": 0.5818772658636551,
        "balanced_accuracy": 0.5818277461990827,
        "cohen_kappa": 0.37296597438218704,
        "mcc": 0.37398334491492485,
        "precision_macro": 0.5820953196756276,
        "precision_weighted": 0.5824583338770398,
        "recall_macro": 0.5818277461990827,
        "recall_weighted": 0.5818772658636551,
        "f1_macro": 0.580475418784403,
        "f1_weighted": 0.5806900047140146,
        "precision_Other": 0.5420041439065737,
        "recall_Other": 0.48066482919903114,
        "f1_Other": 0.5094949316099332,
        "precision_Donor": 0.6543262200936659,
        "recall_Donor": 0.6379281847857526,
        "f1_Donor": 0.6460231611762614,
        "precision_Acceptor": 0.5499555950266429,
        "recall_Acceptor": 0.6268902246124645,
        "f1_Acceptor": 0.5859081635670146,
        "sensitivity_Other": 0.48066482919903114,
        "specificity_Other": 0.7969880083909954,
        "sensitivity_Donor": 0.6379281847857526,
        "specificity_Donor": 0.8288478285960108,
        "sensitivity_Acceptor": 0.6268902246124645,
        "specificity_Acceptor": 0.747398591812574,
        "roc_auc_macro": 0.7714587440709654,
        "roc_auc_weighted": 0.7716389171689219,
        "roc_auc_Other": 0.7218274309374935,
        "roc_auc_Donor": 0.8216782294801579,
        "roc_auc_Acceptor": 0.7708705717952451,
        "pr_auc_Other": 0.5841987049368765,
        "pr_auc_Donor": 0.7409553216377026,
        "pr_auc_Acceptor": 0.6113471478485232,
        "top1_accuracy": 0.5818772658636551,
        "top2_accuracy": 0.8516655185131063
      },
      "confusion_matrix": [
        [
          23020,
          9359,
          15513
        ],
        [
          8714,
          30877,
          8811
        ],
        [
          10738,
          6953,
          29724
        ]
      ]
    },
    "fold_3": {
      "best_epoch": 50,
      "best_metric": "mcc",
      "best_mcc": 0.37503506643388435,
      "best_f1_at_best_epoch": 0.5816226135237575,
      "best_checkpoint": "best_fold4.pt",
      "val_loss": 0.8746640904942441,
      "metrics": {
        "accuracy": 0.5827749131926323,
        "balanced_accuracy": 0.582680327165647,
        "cohen_kappa": 0.37427240415773044,
        "mcc": 0.37503506643388435,
        "precision_macro": 0.5823672036117699,
        "precision_weighted": 0.5827016384410059,
        "recall_macro": 0.582680327165647,
        "recall_weighted": 0.5827749131926323,
        "f1_macro": 0.5814020029420753,
        "f1_weighted": 0.5816226135237575,
        "precision_Other": 0.5420504091958311,
        "recall_Other": 0.4854255408001336,
        "f1_Other": 0.5121776583205737,
        "precision_Donor": 0.6506434361159856,