{
  "experiment_name": "DNABert_zhihan1996/DNABERT-2-117M_w10000",
  "timestamp": "2026-03-06T22:23:32.832954",
  "embedding_dim": 768,
  "num_folds": 5,
  "best_fold": {
    "fold_idx": 4,
    "fold_number": 5,
    "best_metric": "mcc",
    "best_mcc": 0.015907239770346335,
    "checkpoint": "best_fold5.pt",
    "checkpoint_path": "d:\\Splice_FMs_seq_lengths\\results\\classifiers\\DNABert_zhihan1996\\DNABERT-2-117M_w10000\\checkpoints\\best_fold5.pt"
  },
  "hyperparameters": {
    "num_epochs": 50,
    "batch_size": 256,
    "learning_rate": 0.0001,
    "weight_decay": 0.001,
    "early_stopping_patience": 5,
    "seed": 42,
    "deterministic": false
  },
  "per_fold_results": {
    "fold_0": {
      "best_epoch": 11,
      "best_metric": "mcc",
      "best_mcc": 0.012753028924049201,
      "best_f1_at_best_epoch": 0.34017088741354995,
      "best_checkpoint": "best_fold1.pt",
      "val_loss": 1.1001528041218522,
      "metrics": {
        "accuracy": 0.34219044768222984,
        "balanced_accuracy": 0.3417769830053195,
        "cohen_kappa": 0.012690933495247969,
        "mcc": 0.012753028924049201,
        "precision_macro": 0.3415337092221636,
        "precision_weighted": 0.341563470487266,
        "recall_macro": 0.3417769830053195,
        "recall_weighted": 0.34219044768222984,
        "f1_macro": 0.33994378412494547,
        "f1_weighted": 0.34017088741354995,
        "precision_Other": 0.3474177463604141,
        "recall_Other": 0.36245691005954245,
        "f1_Other": 0.3547780208993681,
        "precision_Donor": 0.34309472161966736,
        "recall_Donor": 0.3922622246104245,
        "f1_Donor": 0.36603475208763236,
        "precision_Acceptor": 0.33408865968640933,
        "recall_Acceptor": 0.2706118143459916,
        "f1_Acceptor": 0.299018579387836,
        "sensitivity_Other": 0.36245691005954245,
        "specificity_Other": 0.6597832668657215,
        "sensitivity_Donor": 0.3922622246104245,
        "specificity_Donor": 0.6185377630819293,
        "sensitivity_Acceptor": 0.2706118143459916,
        "specificity_Acceptor": 0.7343715909445097,
        "roc_auc_macro": 0.507919257602094,
        "roc_auc_weighted": 0.5079293161819394,
        "roc_auc_Other": 0.5136704382993943,
        "roc_auc_Donor": 0.5066724280170127,
        "roc_auc_Acceptor": 0.5034149064898751,
        "pr_auc_Other": 0.3427780825564092,
        "pr_auc_Donor": 0.34093076785917525,
        "pr_auc_Acceptor": 0.33164979173788994,
        "top1_accuracy": 0.34219044768222984,
        "top2_accuracy": 0.673938921413704
      },
      "confusion_matrix": [
        [
          17349,
          18068,
          12448
        ],
        [
          16287,
          18980,
          13119
        ],
        [
          16301,
          18272,
          12827
        ]
      ]
    },
    "fold_1": {
      "best_epoch": 2,
      "best_metric": "mcc",
      "best_mcc": 0.010322001513517524,
      "best_f1_at_best_epoch": 0.32576486313687486,
      "best_checkpoint": "best_fold2.pt",
      "val_loss": 1.0988626465254407,
      "metrics": {
        "accuracy": 0.340972217387975,
        "balanced_accuracy": 0.3398484068665379,
        "cohen_kappa": 0.00979198359848843,
        "mcc": 0.010322001513517524,
        "precision_macro": 0.34118882934078504,
        "precision_weighted": 0.3411975716987962,
        "recall_macro": 0.3398484068665379,
        "recall_weighted": 0.340972217387975,
        "f1_macro": 0.3252526830556733,
        "f1_weighted": 0.32576486313687486,
        "precision_Other": 0.34530956559219234,
        "recall_Other": 0.23432570771962813,
        "f1_Other": 0.27919249247006694,
        "precision_Donor": 0.3405191600849581,
        "recall_Donor": 0.5533418757491837,
        "f1_Donor": 0.42159463991874846,
        "precision_Acceptor": 0.3377377623452048,
        "recall_Acceptor": 0.2318776371308017,
        "f1_Acceptor": 0.27497091677820445,
        "sensitivity_Other": 0.23432570771962813,
        "specificity_Other": 0.7779946965109724,
        "sensitivity_Donor": 0.5533418757491837,
        "specificity_Donor": 0.4556972655224899,
        "sensitivity_Acceptor": 0.2318776371308017,
        "specificity_Acceptor": 0.7760854432681219,
        "roc_auc_macro": 0.506317997202342,
        "roc_auc_weighted": 0.5063185730844961,
        "roc_auc_Other": 0.508965063553775,
        "roc_auc_Donor": 0.5051535349243419,
        "roc_auc_Acceptor": 0.5048353931289091,
        "pr_auc_Other": 0.3406557872059928,
        "pr_auc_Donor": 0.3415764941816763,
        "pr_auc_Acceptor": 0.3335882213032636,
        "top1_accuracy": 0.340972217387975,
        "top2_accuracy": 0.6707993679125102
      },
      "confusion_matrix": [
        [
          11216,
          25918,
          10731
        ],
        [
          10791,
          26774,
          10821
        ],
        [
          10474,
          25935,
          10991
        ]
      ]
    },
    "fold_2": {
      "best_epoch": 3,
      "best_metric": "mcc",
      "best_mcc": 0.011156785126597504,
      "best_f1_at_best_epoch": 0.3351806280883036,
      "best_checkpoint": "best_fold3.pt",
      "val_loss": 1.0987292568454539,
      "metrics": {
        "accuracy": 0.3413968576619724,
        "balanced_accuracy": 0.34062390974687506,
        "cohen_kappa": 0.010943338993197438,
        "mcc": 0.011156785126597504,
        "precision_macro": 0.34130999621705455,
        "precision_weighted": 0.34131592856247495,
        "recall_macro": 0.34062390974687506,
        "recall_weighted": 0.3413968576619724,
        "f1_macro": 0.33479936397188453,
        "f1_weighted": 0.3351806280883036,
        "precision_Other": 0.3438662999006033,
        "recall_Other": 0.3107907656951844,
        "f1_Other": 0.32649298773127317,
        "precision_Donor": 0.34096872455288474,
        "recall_Donor": 0.46730459223742404,
        "f1_Donor": 0.3942632955536181,
        "precision_Acceptor": 0.33909496419767576,
        "recall_Acceptor": 0.24377637130801688,
        "f1_Acceptor": 0.28364180863076244,
        "sensitivity_Other": 0.3107907656951844,
        "specificity_Other": 0.7036623306119892,
        "sensitivity_Donor": 0.46730459223742404,
        "specificity_Donor": 0.5412480974124809,
        "sensitivity_Acceptor": 0.24377637130801688,
        "specificity_Acceptor": 0.7660180153972427,
        "roc_auc_macro": 0.50686404885797,
        "roc_auc_weighted": 0.5068643497023568,
        "roc_auc_Other": 0.5105811915258038,
        "roc_auc_Donor": 0.50515486554811,
        "roc_auc_Acceptor": 0.5048560894999962,
        "pr_auc_Other": 0.3412163155785989,
        "pr_auc_Donor": 0.33929398353101314,
        "pr_auc_Acceptor": 0.33442514946705654,
        "top1_accuracy": 0.3413968576619724,
        "top2_accuracy": 0.6726858845396134
      },
      "confusion_matrix": [
        [
          14876,
          21919,
          11070
        ],
        [
          14324,
          22611,
          11451
        ],
        [
          14061,
          21784,
          11555
        ]
      ]
    },
    "fold_3": {
      "best_epoch": 10,
      "best_metric": "mcc",
      "best_mcc": 0.012327950561425473,
      "best_f1_at_best_epoch": 0.3369667650767223,
      "best_checkpoint": "best_fold4.pt",
      "val_loss": 1.1002335155985958,
      "metrics": {
        "accuracy": 0.34181691611555864,
        "balanced_accuracy": 0.34143382444962117,
        "cohen_kappa": 0.012170383738492774,
        "mcc": 0.012327950561425473,
        "precision_macro": 0.34113233422945033,
        "precision_weighted": 0.3411576932467385,
        "recall_macro": 0.34143382444962117,
        "recall_weighted": 0.34181691611555864,
        "f1_macro": 0.33673361873994007,
        "f1_weighted": 0.3369667650767223,
        "precision_Other": 0.3431146371014589,
        "recall_Other": 0.431911248537523,
        "f1_Other": 0.38242612033482865,
        "precision_Donor": 0.3438940323033145,