{
  "experiment_name": "HyenaDNA_LongSafari/hyenadna-small-32k-seqlen-hf_w1000",
  "timestamp": "2026-03-05T17:32:32.197683",
  "embedding_dim": 256,
  "num_folds": 5,
  "hyperparameters": {
    "num_epochs": 50,
    "batch_size": 256,
    "learning_rate": 0.0001,
    "weight_decay": 0.001,
    "early_stopping_patience": 5,
    "seed": 42,
    "deterministic": false
  },
  "per_fold_results": {
    "fold_0": {
      "best_epoch": 43,
      "best_metric": "mcc",
      "best_mcc": 0.680247905039855,
      "best_f1_at_best_epoch": 0.7776240669715236,
      "val_loss": 0.496399501358487,
      "metrics": {
        "accuracy": 0.7833190683951596,
        "balanced_accuracy": 0.7835564572651371,
        "cohen_kappa": 0.6750839442152305,
        "mcc": 0.680247905039855,
        "precision_macro": 0.783187372904712,
        "precision_weighted": 0.7834977006723497,
        "recall_macro": 0.7835564572651371,
        "recall_weighted": 0.7833190683951596,
        "f1_macro": 0.7775598609084146,
        "f1_weighted": 0.7776240669715236,
        "precision_Other": 0.7544250132485426,
        "recall_Other": 0.5945043013446922,
        "f1_Other": 0.6649850523168909,
        "precision_Donor": 0.8422720119274414,
        "recall_Donor": 0.8403578364530391,
        "f1_Donor": 0.8413138353982667,
        "precision_Acceptor": 0.7528650935381521,
        "recall_Acceptor": 0.91580723399768,
        "f1_Acceptor": 0.8263806950100864,
        "sensitivity_Other": 0.5945043013446922,
        "specificity_Other": 0.9032739492991849,
        "sensitivity_Donor": 0.8403578364530391,
        "specificity_Donor": 0.9200793226100916,
        "sensitivity_Acceptor": 0.91580723399768,
        "specificity_Acceptor": 0.8519741624607972,
        "roc_auc_macro": 0.914397135333718,
        "roc_auc_weighted": 0.9144617358396844,
        "roc_auc_Other": 0.8423678269452961,
        "roc_auc_Donor": 0.9586136036348125,
        "roc_auc_Acceptor": 0.9422099754210453,
        "pr_auc_Other": 0.7657118483552109,
        "pr_auc_Donor": 0.9130177506612456,
        "pr_auc_Acceptor": 0.8480564218910118,
        "top1_accuracy": 0.7833190683951596,
        "top2_accuracy": 0.9787417628680181
      },
      "confusion_matrix": [
        [
          28472,
          7052,
          12368
        ],
        [
          5841,
          40675,
          1886
        ],
        [
          3427,
          565,
          43423
        ]
      ]
    },
    "fold_1": {
      "best_epoch": 35,
      "best_metric": "mcc",
      "best_mcc": 0.6773795717184162,
      "best_f1_at_best_epoch": 0.7747857009058817,
      "val_loss": 0.5009317086260514,
      "metrics": {
        "accuracy": 0.7810297197809463,
        "balanced_accuracy": 0.7812602032169941,
        "cohen_kappa": 0.6716527857044426,
        "mcc": 0.6773795717184162,
        "precision_macro": 0.7811367710415072,
        "precision_weighted": 0.7814570563510267,
        "recall_macro": 0.7812602032169941,
        "recall_weighted": 0.7810297197809463,
        "f1_macro": 0.7747109424991637,
        "f1_weighted": 0.7747857009058817,
        "precision_Other": 0.7549665299071475,
        "recall_Other": 0.5840223836966508,
        "f1_Other": 0.6585825288438898,
        "precision_Donor": 0.8404185203493162,
        "recall_Donor": 0.8430230155778686,
        "f1_Donor": 0.841718753223178,
        "precision_Acceptor": 0.7480252628680583,
        "recall_Acceptor": 0.9167352103764631,
        "f1_Acceptor": 0.8238315454304234,
        "sensitivity_Other": 0.5840223836966508,
        "specificity_Other": 0.9052568959579198,
        "sensitivity_Donor": 0.8430230155778686,
        "specificity_Donor": 0.9187048170648536,
        "sensitivity_Acceptor": 0.9167352103764631,
        "specificity_Acceptor": 0.8479448356076184,
        "roc_auc_macro": 0.9125838156459835,
        "roc_auc_weighted": 0.9126495297155512,
        "roc_auc_Other": 0.8385803696913853,
        "roc_auc_Donor": 0.9579164873216336,
        "roc_auc_Acceptor": 0.9412545899249316,
        "pr_auc_Other": 0.7589164540023967,
        "pr_auc_Donor": 0.9111049355796859,
        "pr_auc_Acceptor": 0.8467493814743098,
        "top1_accuracy": 0.7810297197809463,
        "top2_accuracy": 0.9789992276057867
      },
      "confusion_matrix": [
        [
          27970,
          7155,
          12767
        ],
        [
          5723,
          40804,
          1875
        ],
        [
          3355,
          593,
          43467
        ]
      ]
    },
    "fold_2": {
      "best_epoch": 30,
      "best_metric": "mcc",
      "best_mcc": 0.6797114620922693,
      "best_f1_at_best_epoch": 0.7756464109024293,
      "val_loss": 0.5006500781112718,
      "metrics": {
        "accuracy": 0.7821639563284136,
        "balanced_accuracy": 0.7824260509777853,
        "cohen_kappa": 0.6733644189184194,
        "mcc": 0.6797114620922693,
        "precision_macro": 0.7830438943607629,
        "precision_weighted": 0.7833821444253222,
        "recall_macro": 0.7824260509777853,
        "recall_weighted": 0.7821639563284136,
        "f1_macro": 0.7755749140780855,
        "f1_weighted": 0.7756464109024293,
        "precision_Other": 0.7601823542258135,
        "recall_Other": 0.5814541050697403,
        "f1_Other": 0.6589134447020965,
        "precision_Donor": 0.8433423068958377,
        "recall_Donor": 0.8413908516177018,
        "f1_Donor": 0.8423654490547304,
        "precision_Acceptor": 0.7456070219606376,
        "recall_Acceptor": 0.9244331962459137,
        "f1_Acceptor": 0.8254458484774299,
        "sensitivity_Other": 0.5814541050697403,
        "specificity_Other": 0.9083148084369163,
        "sensitivity_Donor": 0.8413908516177018,
        "specificity_Donor": 0.9206249278646899,
        "sensitivity_Acceptor": 0.9244331962459137,
        "specificity_Acceptor": 0.8446943734812138,
        "roc_auc_macro": 0.9130301323820422,
        "roc_auc_weighted": 0.9130930353666756,
        "roc_auc_Other": 0.8397220133972899,
        "roc_auc_Donor": 0.9576174654867896,
        "roc_auc_Acceptor": 0.9417509182620474,
        "pr_auc_Other": 0.7613196726582644,
        "pr_auc_Donor": 0.9100751032361767,
        "pr_auc_Acceptor": 0.8481596738955398,
        "top1_accuracy": 0.7821639563284136,
        "top2_accuracy": 0.9787835139065751
      },
      "confusion_matrix": [
        [
          27847,
          7095,
          12950
        ],
        [
          5672,
          40725,
          2005
        ],
        [
          3113,
          470,
          43832
        ]
      ]
    },
    "fold_3": {
      "best_epoch": 10,
      "best_metric": "mcc",
      "best_mcc": 0.6705767880885055,
      "best_f1_at_best_epoch": 0.7707166209459089,
      "val_loss": 0.5102133615691467,
      "metrics": {
        "accuracy": 0.7767363213159927,
        "balanced_accuracy": 0.7769630162893942,
        "cohen_kappa": 0.6652175448201594,
        "mcc": 0.6705767880885055,
        "precision_macro": 0.7763640972833622,
        "precision_weighted": 0.7767000685108688,
        "recall_macro": 0.7769630162893942,
        "recall_weighted": 0.7767363213159927,
        "f1_macro": 0.7706330242834801,
        "f1_weighted": 0.7707166209459089,
        "precision_Other": 0.7424710836309365,
        "recall_Other": 0.5817046688382194,
        "f1_Other": 0.6523286580654225,
        "precision_Donor": 0.8417602024938277,
        "recall_Donor": 0.8382471436540567,
        "f1_Donor": 0.84,
        "precision_Acceptor": 0.7448610057253224,
        "recall_Acceptor": 0.9109372363759068,
        "f1_Acceptor": 0.8195704147850177,
        "sensitivity_Other": 0.5817046688382194,
        "specificity_Other": 0.8991515075612887,
        "sensitivity_Donor": 0.8382471436540567,
        "specificity_Donor": 0.9199752381751795,
        "sensitivity_Acceptor": 0.9109372363759068,
        "specificity_Acceptor": 0.8463543559760315,
        "roc_auc_macro": 0.9088047492459056,