{
  "experiment_name": "HyenaDNA_LongSafari/hyenadna-medium-160k-seqlen-hf_w1000",
  "timestamp": "2026-03-06T19:33:17.170230",
  "embedding_dim": 256,
  "num_folds": 5,
  "best_fold": {
    "fold_idx": 2,
    "fold_number": 3,
    "best_metric": "mcc",
    "best_mcc": 0.7177830409640389,
    "checkpoint": "best_fold3.pt",
    "checkpoint_path": "d:\\Splice_FMs_seq_lengths\\results\\classifiers\\HyenaDNA_LongSafari\\hyenadna-medium-160k-seqlen-hf_w1000\\checkpoints\\best_fold3.pt"
  },
  "hyperparameters": {
    "num_epochs": 50,
    "batch_size": 256,
    "learning_rate": 0.0001,
    "weight_decay": 0.001,
    "early_stopping_patience": 5,
    "seed": 42,
    "deterministic": false
  },
  "per_fold_results": {
    "fold_0": {
      "best_epoch": 45,
      "best_metric": "mcc",
      "best_mcc": 0.7162502139392714,
      "best_f1_at_best_epoch": 0.806995924656729,
      "best_checkpoint": "best_fold1.pt",
      "val_loss": 0.4390368340702668,
      "metrics": {
        "accuracy": 0.8097683513210725,
        "balanced_accuracy": 0.809896530486133,
        "cohen_kappa": 0.714685299851356,
        "mcc": 0.7162502139392714,
        "precision_macro": 0.8075957507362643,
        "precision_weighted": 0.8077138609173101,
        "recall_macro": 0.809896530486133,
        "recall_weighted": 0.8097683513210725,
        "f1_macro": 0.8069933332885989,
        "f1_weighted": 0.806995924656729,
        "precision_Other": 0.76535994297933,
        "recall_Other": 0.6726384364820847,
        "f1_Other": 0.7160098686403947,
        "precision_Donor": 0.8452046426389738,
        "recall_Donor": 0.8575678690963183,
        "f1_Donor": 0.8513413733694315,
        "precision_Acceptor": 0.8122226665904893,
        "recall_Acceptor": 0.8994832858799958,
        "f1_Acceptor": 0.8536287578559706,
        "sensitivity_Other": 0.6726384364820847,
        "specificity_Other": 0.8969285199912332,
        "sensitivity_Donor": 0.8575678690963183,
        "specificity_Donor": 0.9202367087412258,
        "sensitivity_Acceptor": 0.8994832858799958,
        "specificity_Acceptor": 0.8976052505867448,
        "roc_auc_macro": 0.9366757213820153,
        "roc_auc_weighted": 0.9366824200072531,
        "roc_auc_Other": 0.8830287291756442,
        "roc_auc_Donor": 0.9635777153199167,
        "roc_auc_Acceptor": 0.9634207196504853,
        "pr_auc_Other": 0.8130940911687682,
        "pr_auc_Donor": 0.9246100948672783,
        "pr_auc_Acceptor": 0.9139190256639276,
        "top1_accuracy": 0.8097683513210725,
        "top2_accuracy": 0.9822279745875345
      },
      "confusion_matrix": [
        [
          32214,
          6980,
          8698
        ],
        [
          5732,
          41508,
          1162
        ],
        [
          4144,
          622,
          42649
        ]
      ]
    },
    "fold_1": {
      "best_epoch": 48,
      "best_metric": "mcc",
      "best_mcc": 0.7143083461960729,
      "best_f1_at_best_epoch": 0.8064481733832377,
      "best_checkpoint": "best_fold2.pt",
      "val_loss": 0.44053300981844024,
      "metrics": {
        "accuracy": 0.8088150359406857,
        "balanced_accuracy": 0.8088806794276572,
        "cohen_kappa": 0.7132378784626157,
        "mcc": 0.7143083461960729,
        "precision_macro": 0.8063937657009633,
        "precision_weighted": 0.8064753648250815,
        "recall_macro": 0.8088806794276572,
        "recall_weighted": 0.8088150359406857,
        "f1_macro": 0.8064360944287138,
        "f1_weighted": 0.8064481733832377,
        "precision_Other": 0.7578132288459745,
        "recall_Other": 0.6784431637851833,
        "f1_Other": 0.7159351313238146,
        "precision_Donor": 0.8417528787787122,
        "recall_Donor": 0.8623610594603529,
        "f1_Donor": 0.8519323597546663,
        "precision_Acceptor": 0.8196151894782032,
        "recall_Acceptor": 0.8858378150374354,
        "f1_Acceptor": 0.8514407922076606,
        "sensitivity_Other": 0.6784431637851833,
        "specificity_Other": 0.891626746819458,
        "sensitivity_Donor": 0.8623610594603529,
        "specificity_Donor": 0.9176660685993684,
        "sensitivity_Acceptor": 0.8858378150374354,
        "specificity_Acceptor": 0.9040023262093173,
        "roc_auc_macro": 0.9359300865873,
        "roc_auc_weighted": 0.9359358696921135,
        "roc_auc_Other": 0.8813259120752472,
        "roc_auc_Donor": 0.963161368706726,
        "roc_auc_Acceptor": 0.9633029789799269,
        "pr_auc_Other": 0.8096411707997004,
        "pr_auc_Donor": 0.9228289336847917,
        "pr_auc_Acceptor": 0.9137069612055468,
        "top1_accuracy": 0.8088150359406857,
        "top2_accuracy": 0.9829168667237265
      },
      "confusion_matrix": [
        [
          32492,
          7160,
          8240
        ],
        [
          5658,
          41740,
          1004
        ],
        [
          4726,
          687,
          42002
        ]
      ]
    },
    "fold_2": {
      "best_epoch": 43,
      "best_metric": "mcc",
      "best_mcc": 0.7177830409640389,
      "best_f1_at_best_epoch": 0.8077081095655199,
      "best_checkpoint": "best_fold3.pt",
      "val_loss": 0.43773475130257655,
      "metrics": {
        "accuracy": 0.8107355837143115,
        "balanced_accuracy": 0.8108291021501218,
        "cohen_kappa": 0.7161238472255473,
        "mcc": 0.7177830409640389,
        "precision_macro": 0.8083357702603152,
        "precision_weighted": 0.8084195235705252,
        "recall_macro": 0.8108291021501218,
        "recall_weighted": 0.8107355837143115,
        "f1_macro": 0.8077068725529477,
        "f1_weighted": 0.8077081095655199,
        "precision_Other": 0.7688355342136854,
        "recall_Other": 0.6686294161864195,
        "f1_Other": 0.7152397757476938,
        "precision_Donor": 0.8396201846992127,
        "recall_Donor": 0.8659352919300856,
        "f1_Donor": 0.8525747297118622,
        "precision_Acceptor": 0.8165515918680476,
        "recall_Acceptor": 0.8979225983338606,
        "f1_Acceptor": 0.8553061121992869,
        "sensitivity_Other": 0.6686294161864195,
        "specificity_Other": 0.8995167872089503,
        "sensitivity_Donor": 0.8659352919300856,
        "specificity_Donor": 0.9159977756093466,
        "sensitivity_Acceptor": 0.8979225983338606,
        "specificity_Acceptor": 0.9006687851787235,
        "roc_auc_macro": 0.9368773874141813,
        "roc_auc_weighted": 0.9368809513499395,
        "roc_auc_Other": 0.8830872299897461,
        "roc_auc_Donor": 0.9633921541166478,
        "roc_auc_Acceptor": 0.9641527781361502,
        "pr_auc_Other": 0.8136137554300472,
        "pr_auc_Donor": 0.9236028059385957,
        "pr_auc_Acceptor": 0.91597628514144,
        "top1_accuracy": 0.8107355837143115,
        "top2_accuracy": 0.9826872360116624
      },
      "confusion_matrix": [
        [
          32022,
          7364,
          8506
        ],
        [
          5430,
          41913,
          1059
        ],
        [
          4198,
          642,
          42575
        ]
      ]
    },
    "fold_3": {
      "best_epoch": 20,
      "best_metric": "mcc",
      "best_mcc": 0.7128943256909815,
      "best_f1_at_best_epoch": 0.803208147847283,
      "best_checkpoint": "best_fold4.pt",
      "val_loss": 0.44622963067687704,
      "metrics": {
        "accuracy": 0.8069362392056169,
        "balanced_accuracy": 0.8070787594370108,
        "cohen_kappa": 0.7104449934016451,
        "mcc": 0.7128943256909815,
        "precision_macro": 0.8048537718119427,
        "precision_weighted": 0.8049944897535336,
        "recall_macro": 0.8070787594370108,
        "recall_weighted": 0.8069362392056169,
        "f1_macro": 0.8031979468476539,
        "f1_weighted": 0.803208147847283,
        "precision_Other": 0.7702479338842976,
        "recall_Other": 0.6519251649544809,
        "f1_Other": 0.7061644067988284,
        "precision_Donor": 0.8421073896004202,
        "recall_Donor": 0.8612631970413834,
        "f1_Donor": 0.8515775818922812,