{
  "experiment_name": "DNABert_zhihan1996/DNABERT-2-117M_w2000",
  "timestamp": "2026-03-07T18:20:05.475912",
  "embedding_dim": 768,
  "num_folds": 5,
  "best_fold": {
    "fold_idx": 2,
    "fold_number": 3,
    "best_metric": "mcc",
    "best_mcc": 0.23223515252232715,
    "checkpoint": "best_fold3.pt",
    "checkpoint_path": "d:\\Splice_FMs_seq_lengths\\results\\classifiers\\DNABert_zhihan1996\\DNABERT-2-117M_w2000\\checkpoints\\best_fold3.pt"
  },
  "hyperparameters": {
    "num_epochs": 50,
    "batch_size": 256,
    "learning_rate": 0.0001,
    "weight_decay": 0.001,
    "early_stopping_patience": 5,
    "seed": 42,
    "deterministic": false
  },
  "per_fold_results": {
    "fold_0": {
      "best_epoch": 47,
      "best_metric": "mcc",
      "best_mcc": 0.22777348507896417,
      "best_f1_at_best_epoch": 0.482026099011395,
      "best_checkpoint": "best_fold1.pt",
      "val_loss": 1.0145802537105262,
      "metrics": {
        "accuracy": 0.48397853130155727,
        "balanced_accuracy": 0.4841620676579277,
        "cohen_kappa": 0.2262053118096351,
        "mcc": 0.22777348507896417,
        "precision_macro": 0.4866237171099444,
        "precision_weighted": 0.4867578160736444,
        "recall_macro": 0.4841620676579277,
        "recall_weighted": 0.48397853130155727,
        "f1_macro": 0.4820349846697112,
        "f1_weighted": 0.482026099011395,
        "precision_Other": 0.5003918904796739,
        "recall_Other": 0.40014624464640136,
        "f1_Other": 0.4446895206695998,
        "precision_Donor": 0.49966758081941326,
        "recall_Donor": 0.4970445996775927,
        "f1_Donor": 0.4983526388860109,
        "precision_Acceptor": 0.45981168003074613,
        "recall_Acceptor": 0.5552953586497891,
        "f1_Acceptor": 0.503062794453523,
        "sensitivity_Other": 0.40014624464640136,
        "specificity_Other": 0.8003570459148519,
        "sensitivity_Donor": 0.4970445996775927,
        "specificity_Donor": 0.747210413058311,
        "sensitivity_Acceptor": 0.5552953586497891,
        "specificity_Acceptor": 0.6787358053422822,
        "roc_auc_macro": 0.6688052121715388,
        "roc_auc_weighted": 0.668831220360623,
        "roc_auc_Other": 0.6555121942381181,
        "roc_auc_Donor": 0.6788633822619975,
        "roc_auc_Acceptor": 0.6720400600145006,
        "pr_auc_Other": 0.519688688832697,
        "pr_auc_Donor": 0.5309027052329333,
        "pr_auc_Acceptor": 0.48211531030630433,
        "top1_accuracy": 0.48397853130155727,
        "top2_accuracy": 0.7820063904880579
      },
      "confusion_matrix": [
        [
          19153,
          12471,
          16241
        ],
        [
          9655,
          24050,
          14681
        ],
        [
          9468,
          11611,
          26321
        ]
      ]
    },
    "fold_1": {
      "best_epoch": 36,
      "best_metric": "mcc",
      "best_mcc": 0.22623294465273172,
      "best_f1_at_best_epoch": 0.4807599479352432,
      "best_checkpoint": "best_fold2.pt",
      "val_loss": 1.0158146953879725,
      "metrics": {
        "accuracy": 0.48293433390648166,
        "balanced_accuracy": 0.4830377591642619,
        "cohen_kappa": 0.2245659684510546,
        "mcc": 0.22623294465273172,
        "precision_macro": 0.48591564521654435,
        "precision_weighted": 0.48603689346322115,
        "recall_macro": 0.4830377591642619,
        "recall_weighted": 0.48293433390648166,
        "f1_macro": 0.48073749966574525,
        "f1_weighted": 0.4807599479352432,
        "precision_Other": 0.5050404312668464,
        "recall_Other": 0.3914551342316933,
        "f1_Other": 0.44105219796386747,
        "precision_Donor": 0.4945610877824435,
        "recall_Donor": 0.5111602529657339,
        "f1_Donor": 0.5027236879547949,
        "precision_Acceptor": 0.45814541660034314,
        "recall_Acceptor": 0.5464978902953587,
        "f1_Acceptor": 0.4984366130785734,
        "sensitivity_Other": 0.3914551342316933,
        "specificity_Other": 0.8082913995782265,
        "sensitivity_Donor": 0.5111602529657339,
        "specificity_Donor": 0.7346664567259749,
        "sensitivity_Acceptor": 0.5464978902953587,
        "specificity_Acceptor": 0.6816968135395995,
        "roc_auc_macro": 0.6676092454452335,
        "roc_auc_weighted": 0.6676370763342815,
        "roc_auc_Other": 0.6555016911556141,
        "roc_auc_Donor": 0.6773738983735236,
        "roc_auc_Acceptor": 0.6699521468065629,
        "pr_auc_Other": 0.5196953180114678,
        "pr_auc_Donor": 0.5270386733500447,
        "pr_auc_Acceptor": 0.48165804623854125,
        "top1_accuracy": 0.48293433390648166,
        "top2_accuracy": 0.7799388796458082
      },
      "confusion_matrix": [
        [
          18737,
          12998,
          16130
        ],
        [
          9146,
          24733,
          14507
        ],
        [
          9217,
          12279,
          25904
        ]
      ]
    },
    "fold_2": {
      "best_epoch": 46,
      "best_metric": "mcc",
      "best_mcc": 0.23223515252232715,
      "best_f1_at_best_epoch": 0.4853646199008818,
      "best_checkpoint": "best_fold3.pt",
      "val_loss": 1.0128743311264337,
      "metrics": {
        "accuracy": 0.48702062637921073,
        "balanced_accuracy": 0.4872478238553992,
        "cohen_kappa": 0.23080820757102072,
        "mcc": 0.23223515252232715,
        "precision_macro": 0.48937878616591496,
        "precision_weighted": 0.4895253734172984,
        "recall_macro": 0.4872478238553992,
        "recall_weighted": 0.48702062637921073,
        "f1_macro": 0.48538953899078985,
        "f1_weighted": 0.4853646199008818,
        "precision_Other": 0.4983335016664983,
        "recall_Other": 0.4123263344823984,
        "f1_Other": 0.4512684493934994,
        "precision_Donor": 0.5065121153146988,
        "recall_Donor": 0.4894804282230397,
        "f1_Donor": 0.4978506490094067,
        "precision_Acceptor": 0.463290741516548,
        "recall_Acceptor": 0.5599367088607595,
        "f1_Acceptor": 0.5070495185694636,
        "sensitivity_Other": 0.4123263344823984,
        "specificity_Other": 0.7925792913369386,
        "sensitivity_Donor": 0.4894804282230397,
        "specificity_Donor": 0.7577809268881541,
        "sensitivity_Acceptor": 0.5599367088607595,
        "specificity_Acceptor": 0.6805539682704596,
        "roc_auc_macro": 0.6713565331310866,
        "roc_auc_weighted": 0.6713812755705619,
        "roc_auc_Other": 0.6583088561857753,
        "roc_auc_Donor": 0.6811145919066066,
        "roc_auc_Acceptor": 0.6746461513008775,
        "pr_auc_Other": 0.5211975873290531,
        "pr_auc_Donor": 0.5326173230125663,
        "pr_auc_Acceptor": 0.4860413319580661,
        "top1_accuracy": 0.48702062637921073,
        "top2_accuracy": 0.7833429631537546
      },
      "confusion_matrix": [
        [
          19736,
          12059,
          16070
        ],
        [
          10025,
          23684,
          14677
        ],
        [
          9843,
          11016,
          26541
        ]
      ]
    },
    "fold_3": {
      "best_epoch": 47,
      "best_metric": "mcc",
      "best_mcc": 0.23128483311210704,
      "best_f1_at_best_epoch": 0.4844813082450261,
      "best_checkpoint": "best_fold4.pt",
      "val_loss": 1.0139830206848972,
      "metrics": {
        "accuracy": 0.48627915071353983,
        "balanced_accuracy": 0.48645173499806244,
        "cohen_kappa": 0.2296599516638298,
        "mcc": 0.23128483311210704,
        "precision_macro": 0.4893805170842487,
        "precision_weighted": 0.4895306838958344,
        "recall_macro": 0.48645173499806244,
        "recall_weighted": 0.48627915071353983,
        "f1_macro": 0.48447630706384465,
        "f1_weighted": 0.4844813082450261,
        "precision_Other": 0.5057444191463191,
        "recall_Other": 0.40374811967240515,
        "f1_Other": 0.4490270113273308,
        "precision_Donor": 0.5035576082886032,
        "recall_Donor": 0.500227338486339,