{
  "experiment_name": "NucleotideTransformer_InstaDeepAI/nucleotide-transformer-500m-human-ref_w600",
  "timestamp": "2026-03-06T17:42:58.324998",
  "embedding_dim": 1280,
  "num_folds": 5,
  "best_fold": {
    "fold_idx": 0,
    "fold_number": 1,
    "best_metric": "mcc",
    "best_mcc": 0.8802534857140176,
    "checkpoint": "best_fold1.pt",
    "checkpoint_path": "d:\\Splice_FMs_seq_lengths\\results\\classifiers\\NucleotideTransformer_InstaDeepAI\\nucleotide-transformer-500m-human-ref_w600\\checkpoints\\best_fold1.pt"
  },
  "hyperparameters": {
    "num_epochs": 50,
    "batch_size": 256,
    "learning_rate": 0.0001,
    "weight_decay": 0.001,
    "early_stopping_patience": 5,
    "seed": 42,
    "deterministic": false
  },
  "per_fold_results": {
    "fold_0": {
      "best_epoch": 7,
      "best_metric": "mcc",
      "best_mcc": 0.8802534857140176,
      "best_f1_at_best_epoch": 0.9199743668293614,
      "best_checkpoint": "best_fold1.pt",
      "val_loss": 0.21304894997025725,
      "metrics": {
        "accuracy": 0.9201283291461658,
        "balanced_accuracy": 0.9201084568976855,
        "cohen_kappa": 0.8801926259486601,
        "mcc": 0.8802534857140176,
        "precision_macro": 0.9198585968584213,
        "precision_weighted": 0.9199465424288029,
        "recall_macro": 0.9201084568976855,
        "recall_weighted": 0.9201283291461658,
        "f1_macro": 0.9199200993756712,
        "f1_weighted": 0.9199743668293614,
        "precision_Other": 0.892134304827645,
        "recall_Other": 0.8746736292428199,
        "f1_Other": 0.8833176885026315,
        "precision_Donor": 0.9455813279811294,
        "recall_Donor": 0.9441552001983389,
        "f1_Donor": 0.9448677259616876,
        "precision_Acceptor": 0.9218601577664891,
        "recall_Acceptor": 0.9414965412518981,
        "f1_Acceptor": 0.9315748836626948,
        "sensitivity_Other": 0.8746736292428199,
        "specificity_Other": 0.9471602412907805,
        "sensitivity_Donor": 0.9441552001983389,
        "specificity_Donor": 0.9724003316157874,
        "sensitivity_Acceptor": 0.9414965412518981,
        "specificity_Acceptor": 0.9606967396159,
        "roc_auc_macro": 0.9857635592887144,
        "roc_auc_weighted": 0.9857714642583151,
        "roc_auc_Other": 0.9738685974884826,
        "roc_auc_Donor": 0.9924528861275949,
        "roc_auc_Acceptor": 0.9909691942500656,
        "pr_auc_Other": 0.9499262128618429,
        "pr_auc_Donor": 0.9864963275027585,
        "pr_auc_Acceptor": 0.9812816385899819,
        "top1_accuracy": 0.9201283291461658,
        "top2_accuracy": 0.994550882784826
      },
      "confusion_matrix": [
        [
          41875,
          2450,
          3550
        ],
        [
          2469,
          45699,
          234
        ],
        [
          2594,
          180,
          44642
        ]
      ]
    },
    "fold_1": {
      "best_epoch": 9,
      "best_metric": "mcc",
      "best_mcc": 0.8776934003668265,
      "best_f1_at_best_epoch": 0.9184860635833196,
      "best_checkpoint": "best_fold2.pt",
      "val_loss": 0.21951825782868786,
      "metrics": {
        "accuracy": 0.9184372238035255,
        "balanced_accuracy": 0.9184262170951527,
        "cohen_kappa": 0.8776580388933033,
        "mcc": 0.8776934003668265,
        "precision_macro": 0.91849942676947,
        "precision_weighted": 0.91861047595933,
        "recall_macro": 0.9184262170951527,
        "recall_weighted": 0.9184372238035255,
        "f1_macro": 0.9184250712262486,
        "f1_weighted": 0.9184860635833196,
        "precision_Other": 0.8811451464819298,
        "recall_Other": 0.8820469973890339,
        "f1_Other": 0.8815958412927066,
        "precision_Donor": 0.9520720493764958,
        "recall_Donor": 0.9369654146522871,
        "f1_Donor": 0.9444583281269524,
        "precision_Acceptor": 0.9222810844499845,
        "recall_Acceptor": 0.936266239244137,
        "f1_Acceptor": 0.9292210442590868,
        "sensitivity_Other": 0.8820469973890339,
        "specificity_Other": 0.9405539668955728,
        "sensitivity_Donor": 0.9369654146522871,
        "specificity_Donor": 0.9760418087752254,
        "sensitivity_Acceptor": 0.936266239244137,
        "specificity_Acceptor": 0.9611433675748102,
        "roc_auc_macro": 0.9851026840472555,
        "roc_auc_weighted": 0.9851129326678137,
        "roc_auc_Other": 0.9724482509186939,
        "roc_auc_Donor": 0.9924871057915602,
        "roc_auc_Acceptor": 0.9903726954315124,
        "pr_auc_Other": 0.9465824505516782,
        "pr_auc_Donor": 0.9867643885138141,
        "pr_auc_Acceptor": 0.9797261859443478,
        "top1_accuracy": 0.9184372238035255,
        "top2_accuracy": 0.9949336432533248
      },
      "confusion_matrix": [
        [
          42228,
          2138,
          3509
        ],
        [
          2819,
          45351,
          232
        ],
        [
          2877,
          145,
          44394
        ]
      ]
    },
    "fold_2": {
      "best_epoch": 8,
      "best_metric": "mcc",
      "best_mcc": 0.8791509876059599,
      "best_f1_at_best_epoch": 0.9191998424115039,
      "best_checkpoint": "best_fold3.pt",
      "val_loss": 0.21695127328890923,
      "metrics": {
        "accuracy": 0.919376726771659,
        "balanced_accuracy": 0.9193596915536486,
        "cohen_kappa": 0.8790662489443808,
        "mcc": 0.8791509876059599,
        "precision_macro": 0.9190978020199324,
        "precision_weighted": 0.9191984834346131,
        "recall_macro": 0.9193596915536486,
        "recall_weighted": 0.919376726771659,
        "f1_macro": 0.9191404775837161,
        "f1_weighted": 0.9191998424115039,
        "precision_Other": 0.8921541387933061,
        "recall_Other": 0.8719164490861618,
        "f1_Other": 0.8819192089918025,
        "precision_Donor": 0.9463131731565866,
        "recall_Donor": 0.9439279368621132,
        "f1_Donor": 0.9451190500817112,
        "precision_Acceptor": 0.9188260941099046,
        "recall_Acceptor": 0.9422346887126708,
        "f1_Acceptor": 0.9303831736776343,
        "sensitivity_Other": 0.8719164490861618,
        "specificity_Other": 0.9473376609822789,
        "sensitivity_Donor": 0.9439279368621132,
        "specificity_Donor": 0.9727991100943426,
        "sensitivity_Acceptor": 0.9422346887126708,
        "specificity_Acceptor": 0.9590037080507287,
        "roc_auc_macro": 0.985431052060428,
        "roc_auc_weighted": 0.9854390216844632,
        "roc_auc_Other": 0.973113776787553,
        "roc_auc_Donor": 0.9923263954039764,
        "roc_auc_Acceptor": 0.9908529839897545,
        "pr_auc_Other": 0.9479896429030064,
        "pr_auc_Donor": 0.9864074078122764,
        "pr_auc_Acceptor": 0.9808828572217085,
        "top1_accuracy": 0.919376726771659,
        "top2_accuracy": 0.9949753989407973
      },
      "confusion_matrix": [
        [
          41743,
          2423,
          3709
        ],
        [
          2476,
          45688,
          238
        ],
        [
          2570,
          169,
          44677
        ]
      ]
    },
    "fold_3": {
      "best_epoch": 10,
      "best_metric": "mcc",
      "best_mcc": 0.8790848804365858,
      "best_f1_at_best_epoch": 0.919103577468282,
      "best_checkpoint": "best_fold4.pt",
      "val_loss": 0.2243339307341075,
      "metrics": {
        "accuracy": 0.9193065723909473,
        "balanced_accuracy": 0.9193001119695544,
        "cohen_kappa": 0.8789624651616104,
        "mcc": 0.8790848804365858,
        "precision_macro": 0.9190419369547277,
        "precision_weighted": 0.919153883860433,
        "recall_macro": 0.9193001119695544,
        "recall_weighted": 0.9193065723909473,
        "f1_macro": 0.9190436332243824,
        "f1_weighted": 0.919103577468282,
        "precision_Other": 0.8939745075318656,
        "recall_Other": 0.8702036553524805,
        "f1_Other": 0.8819289350847296,
        "precision_Donor": 0.9470539419087137,
        "recall_Donor": 0.9431210098964897,