{
  "experiment_name": "HyenaDNA_LongSafari/hyenadna-medium-160k-seqlen-hf_w300",
  "timestamp": "2026-03-06T14:24:04.221965",
  "embedding_dim": 256,
  "num_folds": 5,
  "best_fold": {
    "fold_idx": 4,
    "fold_number": 5,
    "best_metric": "mcc",
    "best_mcc": 0.7075119886448619,
    "checkpoint": "best_fold5.pt",
    "checkpoint_path": "d:\\Splice_FMs_seq_lengths\\results\\classifiers\\HyenaDNA_LongSafari\\hyenadna-medium-160k-seqlen-hf_w300\\checkpoints\\best_fold5.pt"
  },
  "hyperparameters": {
    "num_epochs": 50,
    "batch_size": 256,
    "learning_rate": 0.0001,
    "weight_decay": 0.001,
    "early_stopping_patience": 5,
    "seed": 42,
    "deterministic": false
  },
  "per_fold_results": {
    "fold_0": {
      "best_epoch": 6,
      "best_metric": "mcc",
      "best_mcc": 0.6999483905657302,
      "best_f1_at_best_epoch": 0.7953901826461856,
      "best_checkpoint": "best_fold1.pt",
      "val_loss": 0.4629032112313335,
      "metrics": {
        "accuracy": 0.798634503493778,
        "balanced_accuracy": 0.7987814695667397,
        "cohen_kappa": 0.6979988840641703,
        "mcc": 0.6999483905657302,
        "precision_macro": 0.7963288885281897,
        "precision_weighted": 0.7964913309288303,
        "recall_macro": 0.7987814695667397,
        "recall_weighted": 0.798634503493778,
        "f1_macro": 0.7953714861230456,
        "f1_weighted": 0.7953901826461856,
        "precision_Other": 0.7500541060478538,
        "recall_Other": 0.6516316383236536,
        "f1_Other": 0.6973873964516887,
        "precision_Donor": 0.8411640015640757,
        "recall_Donor": 0.844466023429268,
        "f1_Donor": 0.8428117782909931,
        "precision_Acceptor": 0.7977685579726396,
        "recall_Acceptor": 0.9002467469472973,
        "f1_Acceptor": 0.8459152836264553,
        "sensitivity_Other": 0.6516316383236536,
        "specificity_Other": 0.8915235133273498,
        "sensitivity_Donor": 0.844466023429268,
        "specificity_Donor": 0.9189991918810281,
        "sensitivity_Acceptor": 0.9002467469472973,
        "specificity_Acceptor": 0.8875938795225778,
        "roc_auc_macro": 0.9284693258445986,
        "roc_auc_weighted": 0.9284931672031695,
        "roc_auc_Other": 0.8673920387543517,
        "roc_auc_Donor": 0.9598202645320544,
        "roc_auc_Acceptor": 0.9581956742473897,
        "pr_auc_Other": 0.7926404989572816,
        "pr_auc_Donor": 0.9145734343332584,
        "pr_auc_Acceptor": 0.8975312767669426,
        "top1_accuracy": 0.798634503493778,
        "top2_accuracy": 0.9802552824253222
      },
      "confusion_matrix": [
        [
          31191,
          7112,
          9563
        ],
        [
          6270,
          40873,
          1258
        ],
        [
          4124,
          606,
          42687
        ]
      ]
    },
    "fold_1": {
      "best_epoch": 22,
      "best_metric": "mcc",
      "best_mcc": 0.7046333954612294,
      "best_f1_at_best_epoch": 0.7990387341138555,
      "best_checkpoint": "best_fold2.pt",
      "val_loss": 0.45402483392864784,
      "metrics": {
        "accuracy": 0.8021143620723253,
        "balanced_accuracy": 0.8021520893921416,
        "cohen_kappa": 0.7031825485962995,
        "mcc": 0.7046333954612294,
        "precision_macro": 0.7991576653347013,
        "precision_weighted": 0.799240496852167,
        "recall_macro": 0.8021520893921416,
        "recall_weighted": 0.8021143620723253,
        "f1_macro": 0.7990112426076208,
        "f1_weighted": 0.7990387341138555,
        "precision_Other": 0.7501909307875895,
        "recall_Other": 0.6566874190448335,
        "f1_Other": 0.7003319742441458,
        "precision_Donor": 0.8335761179733802,
        "recall_Donor": 0.8630428494690302,
        "f1_Donor": 0.8480535958991017,
        "precision_Acceptor": 0.8137059472431345,
        "recall_Acceptor": 0.8867259996625612,
        "f1_Acceptor": 0.8486481576796149,
        "sensitivity_Other": 0.6566874190448335,
        "specificity_Other": 0.8907616522991505,
        "sensitivity_Donor": 0.8630428494690302,
        "specificity_Donor": 0.9124703511681115,
        "sensitivity_Acceptor": 0.8867259996625612,
        "specificity_Acceptor": 0.9000083101342087,
        "roc_auc_macro": 0.9314537766935572,
        "roc_auc_weighted": 0.9314694751572019,
        "roc_auc_Other": 0.8724326543939527,
        "roc_auc_Donor": 0.9606780394574038,
        "roc_auc_Acceptor": 0.9612506362293152,
        "pr_auc_Other": 0.7966750381325991,
        "pr_auc_Donor": 0.914987120945347,
        "pr_auc_Acceptor": 0.9079490836260237,
        "top1_accuracy": 0.8021143620723253,
        "top2_accuracy": 0.9820508894518527
      },
      "confusion_matrix": [
        [
          31433,
          7660,
          8773
        ],
        [
          5776,
          41773,
          853
        ],
        [
          4691,
          680,
          42045
        ]
      ]
    },
    "fold_2": {
      "best_epoch": 21,
      "best_metric": "mcc",
      "best_mcc": 0.7071126786693553,
      "best_f1_at_best_epoch": 0.7997917095721676,
      "best_checkpoint": "best_fold3.pt",
      "val_loss": 0.452275722158337,
      "metrics": {
        "accuracy": 0.8032822254546467,
        "balanced_accuracy": 0.8034137524368697,
        "cohen_kappa": 0.704963573421481,
        "mcc": 0.7071126786693553,
        "precision_macro": 0.8009685019249938,
        "precision_weighted": 0.8011155545208146,
        "recall_macro": 0.8034137524368697,
        "recall_weighted": 0.8032822254546467,
        "f1_macro": 0.799772910672537,
        "f1_weighted": 0.7997917095721676,
        "precision_Other": 0.7599552137084996,
        "recall_Other": 0.6522929071346495,
        "f1_Other": 0.7020202587999865,
        "precision_Donor": 0.8410739020614356,
        "recall_Donor": 0.8530639229783893,
        "f1_Donor": 0.847026483681047,
        "precision_Acceptor": 0.8018763900050461,
        "recall_Acceptor": 0.9048844271975705,
        "f1_Acceptor": 0.8502719895365773,
        "sensitivity_Other": 0.6522929071346495,
        "specificity_Other": 0.8970757060260076,
        "sensitivity_Donor": 0.8530639229783893,
        "specificity_Donor": 0.9181158887920992,
        "sensitivity_Acceptor": 0.9048844271975705,
        "specificity_Acceptor": 0.8898791901690091,
        "roc_auc_macro": 0.9323468939030422,
        "roc_auc_weighted": 0.9323619460858028,
        "roc_auc_Other": 0.8744124677922934,
        "roc_auc_Donor": 0.960922248973348,
        "roc_auc_Acceptor": 0.9617059649434848,
        "pr_auc_Other": 0.8019637213802707,
        "pr_auc_Donor": 0.9156765678374931,
        "pr_auc_Acceptor": 0.9086912716711553,
        "top1_accuracy": 0.8032822254546467,
        "top2_accuracy": 0.9813756672675265
      },
      "confusion_matrix": [
        [
          31222,
          7257,
          9386
        ],
        [
          5897,
          41290,
          1215
        ],
        [
          3965,
          545,
          42906
        ]
      ]
    },
    "fold_3": {
      "best_epoch": 32,
      "best_metric": "mcc",
      "best_mcc": 0.7068544319614444,
      "best_f1_at_best_epoch": 0.8009122130553689,
      "best_checkpoint": "best_fold4.pt",
      "val_loss": 0.4514067534131936,
      "metrics": {
        "accuracy": 0.8036510930311868,
        "balanced_accuracy": 0.8037450182164859,
        "cohen_kappa": 0.7055022803772795,
        "mcc": 0.7068544319614444,
        "precision_macro": 0.8010908115641963,
        "precision_weighted": 0.8011988604060476,
        "recall_macro": 0.8037450182164859,
        "recall_weighted": 0.8036510930311868,
        "f1_macro": 0.8008985044092252,
        "f1_weighted": 0.8009122130553689,
        "precision_Other": 0.7517516336785487,
        "recall_Other": 0.6657474146035726,
        "f1_Other": 0.7061404480687836,
        "precision_Donor": 0.8393038669540113,
        "recall_Donor": 0.8528986405520433,
        "f1_Donor": 0.846046645079313,