{
  "experiment_name": "DNABert_zhihan1996/DNABERT-2-117M_w300",
  "timestamp": "2026-03-05T14:22:08.176481",
  "embedding_dim": 768,
  "num_folds": 5,
  "hyperparameters": {
    "num_epochs": 50,
    "batch_size": 256,
    "learning_rate": 0.0001,
    "weight_decay": 0.001,
    "early_stopping_patience": 5,
    "seed": 42,
    "deterministic": false
  },
  "per_fold_results": {
    "fold_0": {
      "best_epoch": 48,
      "best_metric": "mcc",
      "best_mcc": 0.379925210631141,
      "best_f1_at_best_epoch": 0.5846454518204519,
      "val_loss": 0.8812693835789622,
      "metrics": {
        "accuracy": 0.5857854736783498,
        "balanced_accuracy": 0.5857009048703957,
        "cohen_kappa": 0.3788201047053331,
        "mcc": 0.379925210631141,
        "precision_macro": 0.5863043946347845,
        "precision_weighted": 0.5866892915703067,
        "recall_macro": 0.5857009048703957,
        "recall_weighted": 0.5857854736783498,
        "f1_macro": 0.5844018485985465,
        "f1_weighted": 0.5846454518204519,
        "precision_Other": 0.5512193964699184,
        "recall_Other": 0.4854176242008942,
        "f1_Other": 0.5162300873158702,
        "precision_Donor": 0.6585164835164835,
        "recall_Donor": 0.6438090122104915,
        "f1_Donor": 0.6510797003792271,
        "precision_Acceptor": 0.5491773039179517,
        "recall_Acceptor": 0.6278760781998017,
        "f1_Acceptor": 0.5858957581005422,
        "sensitivity_Other": 0.4854176242008942,
        "specificity_Other": 0.8025736291719718,
        "sensitivity_Donor": 0.6438090122104915,
        "specificity_Donor": 0.8304104614674181,
        "sensitivity_Acceptor": 0.6278760781998017,
        "specificity_Acceptor": 0.746122762732816,
        "roc_auc_macro": 0.771561599028626,
        "roc_auc_weighted": 0.7717380384253115,
        "roc_auc_Other": 0.7301127841028741,
        "roc_auc_Donor": 0.8162384650601808,
        "roc_auc_Acceptor": 0.768333547922823,
        "pr_auc_Other": 0.5875351522950091,
        "pr_auc_Donor": 0.7239096463869741,
        "pr_auc_Acceptor": 0.6043877145871164,
        "top1_accuracy": 0.5857854736783498,
        "top2_accuracy": 0.8568386180785613
      },
      "confusion_matrix": [
        [
          23235,
          9164,
          15467
        ],
        [
          8267,
          31161,
          8973
        ],
        [
          10650,
          6995,
          29772
        ]
      ]
    },
    "fold_1": {
      "best_epoch": 45,
      "best_metric": "mcc",
      "best_mcc": 0.3802684695534698,
      "best_f1_at_best_epoch": 0.586273835422653,
      "val_loss": 0.8831492912726895,
      "metrics": {
        "accuracy": 0.586544082848473,
        "balanced_accuracy": 0.5863906529627285,
        "cohen_kappa": 0.37990356916445245,
        "mcc": 0.3802684695534698,
        "precision_macro": 0.586704589985222,
        "precision_weighted": 0.587064211765302,
        "recall_macro": 0.5863906529627285,
        "recall_weighted": 0.586544082848473,
        "f1_macro": 0.5860142518773868,
        "f1_weighted": 0.586273835422653,
        "precision_Other": 0.5442747751758525,
        "recall_Other": 0.5108218777420298,
        "f1_Other": 0.5270179976290549,
        "precision_Donor": 0.6584746838120215,
        "recall_Donor": 0.6432378827321185,
        "f1_Donor": 0.6507671083984783,
        "precision_Acceptor": 0.557364310967792,
        "recall_Acceptor": 0.6051121984140374,
        "f1_Acceptor": 0.5802576496046272,
        "sensitivity_Other": 0.5108218777420298,
        "specificity_Other": 0.7863345091736417,
        "sensitivity_Donor": 0.6432378827321185,
        "specificity_Donor": 0.8305241283768183,
        "sensitivity_Acceptor": 0.6051121984140374,
        "specificity_Acceptor": 0.7633066024016287,
        "roc_auc_macro": 0.7704413401197274,
        "roc_auc_weighted": 0.7706171648641313,
        "roc_auc_Other": 0.7281574116293923,
        "roc_auc_Donor": 0.8153611883911228,
        "roc_auc_Acceptor": 0.7678054203386672,
        "pr_auc_Other": 0.5859192098579646,
        "pr_auc_Donor": 0.7227494377248335,
        "pr_auc_Acceptor": 0.6060783050237438,
        "top1_accuracy": 0.586544082848473,
        "top2_accuracy": 0.8551056485064447
      },
      "confusion_matrix": [
        [
          24451,
          9039,
          14376
        ],
        [
          8858,
          31134,
          8410
        ],
        [
          11615,
          7109,
          28692
        ]
      ]
    },
    "fold_2": {
      "best_epoch": 40,
      "best_metric": "mcc",
      "best_mcc": 0.3800810716169379,
      "best_f1_at_best_epoch": 0.5847443248601002,
      "val_loss": 0.8827499547887103,
      "metrics": {
        "accuracy": 0.5858382689671012,
        "balanced_accuracy": 0.5857527558480357,
        "cohen_kappa": 0.37890418786195124,
        "mcc": 0.3800810716169379,
        "precision_macro": 0.5866463976586824,
        "precision_weighted": 0.5870400085045783,
        "recall_macro": 0.5857527558480357,
        "recall_weighted": 0.5858382689671012,
        "f1_macro": 0.5844953605254938,
        "f1_weighted": 0.5847443248601002,
        "precision_Other": 0.5548803736536079,
        "recall_Other": 0.4864723702078763,
        "f1_Other": 0.518429460419241,
        "precision_Donor": 0.6584700608930988,
        "recall_Donor": 0.6434238254617578,
        "f1_Donor": 0.650859997074129,
        "precision_Acceptor": 0.5465887584293405,
        "recall_Acceptor": 0.6273620718744728,
        "f1_Acceptor": 0.5841966240831116,
        "sensitivity_Other": 0.4864723702078763,
        "specificity_Other": 0.8050575048529504,
        "sensitivity_Donor": 0.6434238254617578,
        "specificity_Donor": 0.8304698733220685,
        "sensitivity_Acceptor": 0.6273620718744728,
        "specificity_Acceptor": 0.7436712476757352,
        "roc_auc_macro": 0.7708246079656783,
        "roc_auc_weighted": 0.7710088089373642,
        "roc_auc_Other": 0.7308751787707177,
        "roc_auc_Donor": 0.8158589304030993,
        "roc_auc_Acceptor": 0.7657397147232177,
        "pr_auc_Other": 0.5902437648465693,
        "pr_auc_Donor": 0.7232991489896876,
        "pr_auc_Acceptor": 0.6011670743275496,
        "top1_accuracy": 0.5858382689671012,
        "top2_accuracy": 0.8555639846049985
      },
      "confusion_matrix": [
        [
          23285,
          8950,
          15630
        ],
        [
          8213,
          31143,
          9046
        ],
        [
          10466,
          7203,
          29747
        ]
      ]
    },
    "fold_3": {
      "best_epoch": 40,
      "best_metric": "mcc",
      "best_mcc": 0.38129034800990635,
      "best_f1_at_best_epoch": 0.5850765276203463,
      "val_loss": 0.8852942442766712,
      "metrics": {
        "accuracy": 0.5867360787288685,
        "balanced_accuracy": 0.5865935345310113,
        "cohen_kappa": 0.3801945784179216,
        "mcc": 0.38129034800990635,
        "precision_macro": 0.5863113006282804,
        "precision_weighted": 0.5866536278103198,
        "recall_macro": 0.5865935345310113,
        "recall_weighted": 0.5867360787288685,
        "f1_macro": 0.5848265075594571,
        "f1_weighted": 0.5850765276203463,
        "precision_Other": 0.5569250102709103,
        "recall_Other": 0.48145826804554476,
        "f1_Other": 0.5164492851060015,
        "precision_Donor": 0.6495780763558906,
        "recall_Donor": 0.6552415189454981,
        "f1_Donor": 0.6523975068397342,
        "precision_Acceptor": 0.5524308152580404,
        "recall_Acceptor": 0.6230808166019909,
        "f1_Acceptor": 0.5856327307326356,
        "sensitivity_Other": 0.48145826804554476,
        "specificity_Other": 0.8086580809451251,
        "sensitivity_Donor": 0.6552415189454981,
        "specificity_Donor": 0.8204363934047711,
        "sensitivity_Acceptor": 0.6230808166019909,
        "specificity_Acceptor": 0.7513582016682768,
        "roc_auc_macro": 0.7697797600288309,