{
  "experiment_name": "HyenaDNA_LongSafari/hyenadna-medium-160k-seqlen-hf_w600",
  "timestamp": "2026-03-05T15:56:54.336933",
  "embedding_dim": 256,
  "num_folds": 5,
  "hyperparameters": {
    "num_epochs": 50,
    "batch_size": 256,
    "learning_rate": 0.0001,
    "weight_decay": 0.001,
    "early_stopping_patience": 5,
    "seed": 42,
    "deterministic": false
  },
  "per_fold_results": {
    "fold_0": {
      "best_epoch": 47,
      "best_metric": "mcc",
      "best_mcc": 0.7357541410374765,
      "best_f1_at_best_epoch": 0.8210441160619061,
      "val_loss": 0.4134451483386267,
      "metrics": {
        "accuracy": 0.8231855413972845,
        "balanced_accuracy": 0.8232611338274994,
        "cohen_kappa": 0.7347845873743097,
        "mcc": 0.7357541410374765,
        "precision_macro": 0.8210342856363334,
        "precision_weighted": 0.8210612872338624,
        "recall_macro": 0.8232611338274994,
        "recall_weighted": 0.8231855413972845,
        "f1_macro": 0.8210652479349361,
        "f1_weighted": 0.8210441160619061,
        "precision_Other": 0.7778061402083866,
        "recall_Other": 0.7001148825065274,
        "f1_Other": 0.7369184768270161,
        "precision_Donor": 0.8450927636334431,
        "recall_Donor": 0.869571505309698,
        "f1_Donor": 0.8571574038246136,
        "precision_Acceptor": 0.8402039530671707,
        "recall_Acceptor": 0.900097013666273,
        "f1_Acceptor": 0.8691198631531788,
        "sensitivity_Other": 0.7001148825065274,
        "specificity_Other": 0.9000709678765993,
        "sensitivity_Donor": 0.869571505309698,
        "specificity_Donor": 0.9190374746828137,
        "sensitivity_Acceptor": 0.900097013666273,
        "specificity_Acceptor": 0.9156911827331554,
        "roc_auc_macro": 0.9440532967013242,
        "roc_auc_weighted": 0.9440463814467469,
        "roc_auc_Other": 0.8963013262687362,
        "roc_auc_Donor": 0.9652748796147126,
        "roc_auc_Acceptor": 0.9705836842205235,
        "pr_auc_Other": 0.8323272694985155,
        "pr_auc_Donor": 0.9270614441033401,
        "pr_auc_Acceptor": 0.9328202242997752,
        "top1_accuracy": 0.8231855413972845,
        "top2_accuracy": 0.9844320878539664
      },
      "confusion_matrix": [
        [
          33518,
          7155,
          7202
        ],
        [
          5398,
          42089,
          915
        ],
        [
          4177,
          560,
          42679
        ]
      ]
    },
    "fold_1": {
      "best_epoch": 50,
      "best_metric": "mcc",
      "best_mcc": 0.7331534956083156,
      "best_f1_at_best_epoch": 0.8193436067894763,
      "val_loss": 0.415760536263846,
      "metrics": {
        "accuracy": 0.8214665989296626,
        "balanced_accuracy": 0.8215587884806309,
        "cohen_kappa": 0.732208732907439,
        "mcc": 0.7331534956083156,
        "precision_macro": 0.8192976778020875,
        "precision_weighted": 0.8193236769218181,
        "recall_macro": 0.8215587884806309,
        "recall_weighted": 0.8214665989296626,
        "f1_macro": 0.8193732512435116,
        "f1_weighted": 0.8193436067894763,
        "precision_Other": 0.774793340588603,
        "recall_Other": 0.6989242819843342,
        "f1_Other": 0.7349058882958863,
        "precision_Donor": 0.8438041507152931,
        "recall_Donor": 0.8652121813148217,
        "f1_Donor": 0.8543740819324303,
        "precision_Acceptor": 0.8392955421023666,
        "recall_Acceptor": 0.9005399021427366,
        "f1_Acceptor": 0.8688397835022179,
        "sensitivity_Other": 0.6989242819843342,
        "specificity_Other": 0.8984950635579954,
        "sensitivity_Donor": 0.8652121813148217,
        "specificity_Donor": 0.9186491903747468,
        "sensitivity_Acceptor": 0.9005399021427366,
        "specificity_Acceptor": 0.9150783676267437,
        "roc_auc_macro": 0.9433856805966886,
        "roc_auc_weighted": 0.9433784622923621,
        "roc_auc_Other": 0.8949918743361749,
        "roc_auc_Donor": 0.9648618847244612,
        "roc_auc_Acceptor": 0.9703032827294299,
        "pr_auc_Other": 0.8299632460134084,
        "pr_auc_Donor": 0.9269041891215096,
        "pr_auc_Acceptor": 0.9315620466285897,
        "top1_accuracy": 0.8214665989296626,
        "top2_accuracy": 0.9839866938542587
      },
      "confusion_matrix": [
        [
          33461,
          7184,
          7230
        ],
        [
          5578,
          41878,
          946
        ],
        [
          4148,
          568,
          42700
        ]
      ]
    },
    "fold_2": {
      "best_epoch": 49,
      "best_metric": "mcc",
      "best_mcc": 0.7324646832652697,
      "best_f1_at_best_epoch": 0.8189516419137152,
      "val_loss": 0.41681362227188734,
      "metrics": {
        "accuracy": 0.8210490420549366,
        "balanced_accuracy": 0.8211254745562085,
        "cohen_kappa": 0.7315775300716088,
        "mcc": 0.7324646832652697,
        "precision_macro": 0.8188177292252167,
        "precision_weighted": 0.8188295615647784,
        "recall_macro": 0.8211254745562085,
        "recall_weighted": 0.8210490420549366,
        "f1_macro": 0.8189812565663406,
        "f1_weighted": 0.8189516419137152,
        "precision_Other": 0.7726442785494719,
        "recall_Other": 0.6982767624020888,
        "f1_Other": 0.7335805665884005,
        "precision_Donor": 0.8420366320942083,
        "recall_Donor": 0.8671749101276807,
        "f1_Donor": 0.8544209101364899,
        "precision_Acceptor": 0.8417722770319698,
        "recall_Acceptor": 0.8979247511388561,
        "f1_Acceptor": 0.8689422929741313,
        "sensitivity_Other": 0.6982767624020888,
        "specificity_Other": 0.8973366173370348,
        "sensitivity_Donor": 0.8671749101276807,
        "specificity_Donor": 0.917368901575175,
        "sensitivity_Acceptor": 0.8979247511388561,
        "specificity_Acceptor": 0.9168752661591034,
        "roc_auc_macro": 0.9430175885461628,
        "roc_auc_weighted": 0.9430072938262093,
        "roc_auc_Other": 0.8941491827385764,
        "roc_auc_Donor": 0.9642663908498074,
        "roc_auc_Acceptor": 0.9706371920501047,
        "pr_auc_Other": 0.8288796639539647,
        "pr_auc_Donor": 0.9251765097424349,
        "pr_auc_Acceptor": 0.9322877636175746,
        "top1_accuracy": 0.8210490420549366,
        "top2_accuracy": 0.9844181692914756
      },
      "confusion_matrix": [
        [
          33430,
          7314,
          7131
        ],
        [
          5557,
          41973,
          872
        ],
        [
          4280,
          560,
          42576
        ]
      ]
    },
    "fold_3": {
      "best_epoch": 47,
      "best_metric": "mcc",
      "best_mcc": 0.733942641482596,
      "best_f1_at_best_epoch": 0.8198915213849541,
      "val_loss": 0.4170511543644705,
      "metrics": {
        "accuracy": 0.8219942655123459,
        "balanced_accuracy": 0.8220808597067221,
        "cohen_kappa": 0.7330021625829438,
        "mcc": 0.733942641482596,
        "precision_macro": 0.8198342219640148,
        "precision_weighted": 0.8198773156387907,
        "recall_macro": 0.8220808597067221,
        "recall_weighted": 0.8219942655123459,
        "f1_macro": 0.8199095984040495,
        "f1_weighted": 0.8198915213849541,
        "precision_Other": 0.7744830457510293,
        "recall_Other": 0.6994046997389034,
        "f1_Other": 0.7350316653678561,
        "precision_Donor": 0.8472539236875594,
        "recall_Donor": 0.8666143261502861,
        "f1_Donor": 0.8568247742778935,
        "precision_Acceptor": 0.8377656964534553,
        "recall_Acceptor": 0.9002235532309769,
        "f1_Acceptor": 0.8678723555663993,
        "sensitivity_Other": 0.6994046997389034,
        "specificity_Other": 0.8982435267228154,
        "sensitivity_Donor": 0.8666143261502861,
        "specificity_Donor": 0.9206430827675226,
        "sensitivity_Acceptor": 0.9002235532309769,
        "specificity_Acceptor": 0.9141426731480328,
        "roc_auc_macro": 0.9429187564874187,