{
  "experiment_name": "HyenaDNA_LongSafari/hyenadna-small-32k-seqlen-hf_w300",
  "timestamp": "2026-03-05T13:29:07.357829",
  "embedding_dim": 256,
  "num_folds": 5,
  "hyperparameters": {
    "num_epochs": 50,
    "batch_size": 256,
    "learning_rate": 0.0001,
    "weight_decay": 0.001,
    "early_stopping_patience": 5,
    "seed": 42,
    "deterministic": false
  },
  "per_fold_results": {
    "fold_0": {
      "best_epoch": 7,
      "best_metric": "mcc",
      "best_mcc": 0.6782306082141841,
      "best_f1_at_best_epoch": 0.7734796020422767,
      "val_loss": 0.5120626124304809,
      "metrics": {
        "accuracy": 0.7807689095515158,
        "balanced_accuracy": 0.7809865808597074,
        "cohen_kappa": 0.6712583605878344,
        "mcc": 0.6782306082141841,
        "precision_macro": 0.7818266612138922,
        "precision_weighted": 0.7821389546094841,
        "recall_macro": 0.7809865808597074,
        "recall_weighted": 0.7807689095515158,
        "f1_macro": 0.7733967421118185,
        "f1_weighted": 0.7734796020422767,
        "precision_Other": 0.7655738163899544,
        "recall_Other": 0.5712614381815903,
        "f1_Other": 0.6542957299929412,
        "precision_Donor": 0.8348440307039033,
        "recall_Donor": 0.8448998987624222,
        "f1_Donor": 0.8398418647635673,
        "precision_Acceptor": 0.7450621365478188,
        "recall_Acceptor": 0.9267984056351097,
        "f1_Acceptor": 0.8260526315789474,
        "sensitivity_Other": 0.5712614381815903,
        "specificity_Other": 0.912615583710785,
        "sensitivity_Donor": 0.8448998987624222,
        "specificity_Donor": 0.9150950326920857,
        "sensitivity_Acceptor": 0.9267984056351097,
        "specificity_Acceptor": 0.843799017316422,
        "roc_auc_macro": 0.9084772040582726,
        "roc_auc_weighted": 0.9085682863311838,
        "roc_auc_Other": 0.8308143755666774,
        "roc_auc_Donor": 0.9572146789502454,
        "roc_auc_Acceptor": 0.9374025576578953,
        "pr_auc_Other": 0.7478733822807198,
        "pr_auc_Donor": 0.9099740303975974,
        "pr_auc_Acceptor": 0.8233524462445159,
        "top1_accuracy": 0.7807689095515158,
        "top2_accuracy": 0.9781952061468222
      },
      "confusion_matrix": [
        [
          27344,
          7508,
          13014
        ],
        [
          5484,
          40894,
          2023
        ],
        [
          2889,
          582,
          43946
        ]
      ]
    },
    "fold_1": {
      "best_epoch": 10,
      "best_metric": "mcc",
      "best_mcc": 0.6826959241356999,
      "best_f1_at_best_epoch": 0.7754477364648853,
      "val_loss": 0.5059547353787779,
      "metrics": {
        "accuracy": 0.7834971186770969,
        "balanced_accuracy": 0.7836465921082096,
        "cohen_kappa": 0.6753278148535677,
        "mcc": 0.6826959241356999,
        "precision_macro": 0.7843982996095882,
        "precision_weighted": 0.7846755849635317,
        "recall_macro": 0.7836465921082096,
        "recall_weighted": 0.7834971186770969,
        "f1_macro": 0.7753510672098235,
        "f1_weighted": 0.7754477364648853,
        "precision_Other": 0.7742564602632862,
        "recall_Other": 0.56399114193791,
        "f1_Other": 0.652605369078844,
        "precision_Donor": 0.8294340972788169,
        "recall_Donor": 0.8621131358208338,
        "f1_Donor": 0.845457953014355,
        "precision_Acceptor": 0.7495043412866617,
        "recall_Acceptor": 0.924835498565885,
        "f1_Acceptor": 0.8279898795362712,
        "sensitivity_Other": 0.56399114193791,
        "specificity_Other": 0.9178546828362103,
        "sensitivity_Donor": 0.8621131358208338,
        "specificity_Donor": 0.9099410171910749,
        "sensitivity_Acceptor": 0.924835498565885,
        "specificity_Acceptor": 0.847758341297212,
        "roc_auc_macro": 0.9096700944972381,
        "roc_auc_weighted": 0.9097568535056333,
        "roc_auc_Other": 0.8325849170196763,
        "roc_auc_Donor": 0.9574938381353388,
        "roc_auc_Acceptor": 0.9389315283366989,
        "pr_auc_Other": 0.7546486523834299,
        "pr_auc_Donor": 0.9079321167672593,
        "pr_auc_Acceptor": 0.8245558131584546,
        "top1_accuracy": 0.7834971186770969,
        "top2_accuracy": 0.9804292753542496
      },
      "confusion_matrix": [
        [
          26996,
          8083,
          12787
        ],
        [
          4805,
          41728,
          1869
        ],
        [
          3066,
          498,
          43852
        ]
      ]
    },
    "fold_2": {
      "best_epoch": 4,
      "best_metric": "mcc",
      "best_mcc": 0.6829593871503359,
      "best_f1_at_best_epoch": 0.7780388402007026,
      "val_loss": 0.5084112375656481,
      "metrics": {
        "accuracy": 0.7845604560038418,
        "balanced_accuracy": 0.7847471828218606,
        "cohen_kappa": 0.6769341030680671,
        "mcc": 0.6829593871503359,
        "precision_macro": 0.7849304555665334,
        "precision_weighted": 0.7852331694929158,
        "recall_macro": 0.7847471828218606,
        "recall_weighted": 0.7845604560038418,
        "f1_macro": 0.7779499737968627,
        "f1_weighted": 0.7780388402007026,
        "precision_Other": 0.7649423087439164,
        "recall_Other": 0.5844980674814583,
        "f1_Other": 0.6626558817607977,
        "precision_Donor": 0.838144981943566,
        "recall_Donor": 0.8487252592868063,
        "f1_Donor": 0.8434019401529539,
        "precision_Acceptor": 0.7517040760121179,
        "recall_Acceptor": 0.9210182216973174,
        "f1_Acceptor": 0.8277920994768367,
        "sensitivity_Other": 0.5844980674814583,
        "specificity_Other": 0.9102778183639817,
        "sensitivity_Donor": 0.8487252592868063,
        "specificity_Donor": 0.9167410081758168,
        "sensitivity_Acceptor": 0.9210182216973174,
        "specificity_Acceptor": 0.8501563360237673,
        "roc_auc_macro": 0.9091526131412194,
        "roc_auc_weighted": 0.9092425614402727,
        "roc_auc_Other": 0.8319687193715386,
        "roc_auc_Donor": 0.9574077954489906,
        "roc_auc_Acceptor": 0.9380813246031291,
        "pr_auc_Other": 0.7562905150034567,
        "pr_auc_Donor": 0.9079192528397507,
        "pr_auc_Acceptor": 0.8213678239085505,
        "top1_accuracy": 0.7845604560038418,
        "top2_accuracy": 0.9789119102468629
      },
      "confusion_matrix": [
        [
          27977,
          7377,
          12511
        ],
        [
          5408,
          41080,
          1914
        ],
        [
          3189,
          556,
          43671
        ]
      ]
    },
    "fold_3": {
      "best_epoch": 11,
      "best_metric": "mcc",
      "best_mcc": 0.6822092496721356,
      "best_f1_at_best_epoch": 0.7746899679764798,
      "val_loss": 0.5096723176406371,
      "metrics": {
        "accuracy": 0.7828970720266142,
        "balanced_accuracy": 0.7830487002536287,
        "cohen_kappa": 0.6744287620397631,
        "mcc": 0.6822092496721356,
        "precision_macro": 0.7845776471224326,
        "precision_weighted": 0.7848537037626407,
        "recall_macro": 0.7830487002536287,
        "recall_weighted": 0.7828970720266142,
        "f1_macro": 0.7745935813021028,
        "f1_weighted": 0.7746899679764798,
        "precision_Other": 0.7800145032632342,
        "recall_Other": 0.5618092551969079,
        "f1_Other": 0.6531697838231723,
        "precision_Donor": 0.826883425852498,
        "recall_Donor": 0.8616999297549688,
        "f1_Donor": 0.8439327411424293,
        "precision_Acceptor": 0.7468350122515655,
        "recall_Acceptor": 0.9256369158090096,
        "f1_Acceptor": 0.8266782189407067,
        "sensitivity_Other": 0.5618092551969079,
        "specificity_Other": 0.920849944686802,
        "sensitivity_Donor": 0.8616999297549688,
        "specificity_Donor": 0.9083552859436824,
        "sensitivity_Acceptor": 0.9256369158090096,
        "specificity_Acceptor": 0.8454506736472519,
        "roc_auc_macro": 0.9092775024931671,