{
  "experiment_name": "NucleotideTransformer_InstaDeepAI/nucleotide-transformer-v2-100m-multi-species_w2000",
  "timestamp": "2026-03-07T18:52:26.391575",
  "embedding_dim": 512,
  "num_folds": 5,
  "best_fold": {
    "fold_idx": 2,
    "fold_number": 3,
    "best_metric": "mcc",
    "best_mcc": 0.7413449193056622,
    "checkpoint": "best_fold3.pt",
    "checkpoint_path": "d:\\Splice_FMs_seq_lengths\\results\\classifiers\\NucleotideTransformer_InstaDeepAI\\nucleotide-transformer-v2-100m-multi-species_w2000\\checkpoints\\best_fold3.pt"
  },
  "hyperparameters": {
    "num_epochs": 50,
    "batch_size": 256,
    "learning_rate": 0.0001,
    "weight_decay": 0.001,
    "early_stopping_patience": 5,
    "seed": 42,
    "deterministic": false
  },
  "per_fold_results": {
    "fold_0": {
      "best_epoch": 44,
      "best_metric": "mcc",
      "best_mcc": 0.7400402421584499,
      "best_f1_at_best_epoch": 0.8254490598531669,
      "best_checkpoint": "best_fold1.pt",
      "val_loss": 0.44060096834053775,
      "metrics": {
        "accuracy": 0.8262246695115245,
        "balanced_accuracy": 0.8260410524445755,
        "cohen_kappa": 0.7393654198468166,
        "mcc": 0.7400402421584499,
        "precision_macro": 0.8256845893597156,
        "precision_weighted": 0.8261033874760019,
        "recall_macro": 0.8260410524445755,
        "recall_weighted": 0.8262246695115245,
        "f1_macro": 0.8251437808741763,
        "f1_weighted": 0.8254490598531669,
        "precision_Other": 0.7712824424056169,
        "recall_Other": 0.7183328110310248,
        "f1_Other": 0.7438665570507551,
        "precision_Donor": 0.9123557521754554,
        "recall_Donor": 0.9035878146571322,
        "f1_Donor": 0.9079506162584235,
        "precision_Acceptor": 0.7934155734980743,
        "recall_Acceptor": 0.8562025316455696,
        "f1_Acceptor": 0.8236141693133504,
        "sensitivity_Other": 0.7183328110310248,
        "specificity_Other": 0.8935543816424112,
        "sensitivity_Donor": 0.9035878146571322,
        "specificity_Donor": 0.9559124547315383,
        "sensitivity_Acceptor": 0.8562025316455696,
        "specificity_Acceptor": 0.8902141276454271,
        "roc_auc_macro": 0.9407471713284458,
        "roc_auc_weighted": 0.9408619000055897,
        "roc_auc_Other": 0.8993749903062773,
        "roc_auc_Donor": 0.976973290370771,
        "roc_auc_Acceptor": 0.945893233308289,
        "pr_auc_Other": 0.8247038107248881,
        "pr_auc_Donor": 0.9608616708786539,
        "pr_auc_Acceptor": 0.8771086452977156,
        "top1_accuracy": 0.8262246695115245,
        "top2_accuracy": 0.9769441215167315
      },
      "confusion_matrix": [
        [
          34383,
          3688,
          9794
        ],
        [
          3892,
          43721,
          773
        ],
        [
          6304,
          512,
          40584
        ]
      ]
    },
    "fold_1": {
      "best_epoch": 40,
      "best_metric": "mcc",
      "best_mcc": 0.7393570676495251,
      "best_f1_at_best_epoch": 0.824697428206528,
      "best_checkpoint": "best_fold2.pt",
      "val_loss": 0.44175256242531474,
      "metrics": {
        "accuracy": 0.8257443387097897,
        "balanced_accuracy": 0.8255427195164927,
        "cohen_kappa": 0.7386387791316646,
        "mcc": 0.7393570676495251,
        "precision_macro": 0.8247884358126694,
        "precision_weighted": 0.8251834357389403,
        "recall_macro": 0.8255427195164927,
        "recall_weighted": 0.8257443387097897,
        "f1_macro": 0.8243951932051162,
        "f1_weighted": 0.824697428206528,
        "precision_Other": 0.7738949369667066,
        "recall_Other": 0.7143633134858456,
        "f1_Other": 0.7429384668868416,
        "precision_Donor": 0.9063377374071016,
        "recall_Donor": 0.907349233249287,
        "f1_Donor": 0.9068432032718484,
        "precision_Acceptor": 0.7941326330642,
        "recall_Acceptor": 0.8549156118143459,
        "f1_Acceptor": 0.8234039094566586,
        "sensitivity_Other": 0.7143633134858456,
        "specificity_Other": 0.895705009082747,
        "sensitivity_Donor": 0.907349233249287,
        "specificity_Donor": 0.9523749540754737,
        "sensitivity_Acceptor": 0.8549156118143459,
        "specificity_Acceptor": 0.8908582767971241,
        "roc_auc_macro": 0.9404249604190481,
        "roc_auc_weighted": 0.9405398925080392,
        "roc_auc_Other": 0.8990636838222074,
        "roc_auc_Donor": 0.976675572115991,
        "roc_auc_Acceptor": 0.9455356253189457,
        "pr_auc_Other": 0.8234491654031943,
        "pr_auc_Donor": 0.9605699620890951,
        "pr_auc_Acceptor": 0.8771101576745597,
        "top1_accuracy": 0.8257443387097897,
        "top2_accuracy": 0.9761505314964741
      },
      "confusion_matrix": [
        [
          34193,
          3934,
          9738
        ],
        [
          3716,
          43903,
          767
        ],
        [
          6274,
          603,
          40523
        ]
      ]
    },
    "fold_2": {
      "best_epoch": 43,
      "best_metric": "mcc",
      "best_mcc": 0.7413449193056622,
      "best_f1_at_best_epoch": 0.8262641319431345,
      "best_checkpoint": "best_fold3.pt",
      "val_loss": 0.4394549949101282,
      "metrics": {
        "accuracy": 0.8271853311149939,
        "balanced_accuracy": 0.8269575645097849,
        "cohen_kappa": 0.7407945980021172,
        "mcc": 0.7413449193056622,
        "precision_macro": 0.8261301546055391,
        "precision_weighted": 0.8265173655506691,
        "recall_macro": 0.8269575645097849,
        "recall_weighted": 0.8271853311149939,
        "f1_macro": 0.8259537227529182,
        "f1_weighted": 0.8262641319431345,
        "precision_Other": 0.7734275142953246,
        "recall_Other": 0.720589157004074,
        "f1_Other": 0.746073977936405,
        "precision_Donor": 0.9073978698419892,
        "recall_Donor": 0.9103046335716943,
        "f1_Donor": 0.908848927543409,
        "precision_Acceptor": 0.7975650796793031,
        "recall_Acceptor": 0.8499789029535865,
        "f1_Acceptor": 0.8229382627789409,
        "sensitivity_Other": 0.720589157004074,
        "specificity_Other": 0.8945148560332408,
        "sensitivity_Donor": 0.9103046335716943,
        "specificity_Donor": 0.9528158295281582,
        "sensitivity_Acceptor": 0.8499789029535865,
        "specificity_Acceptor": 0.8937569479797612,
        "roc_auc_macro": 0.9408080276685845,
        "roc_auc_weighted": 0.9409281356536716,
        "roc_auc_Other": 0.899504556133129,
        "roc_auc_Donor": 0.977785458124717,
        "roc_auc_Acceptor": 0.9451340687479077,
        "pr_auc_Other": 0.8255145632486313,
        "pr_auc_Donor": 0.9625519314624649,
        "pr_auc_Acceptor": 0.8755066404074258,
        "top1_accuracy": 0.8271853311149939,
        "top2_accuracy": 0.9771738449436481
      },
      "confusion_matrix": [
        [
          34491,
          3842,
          9532
        ],
        [
          3646,
          44046,
          694
        ],
        [
          6458,
          653,
          40289
        ]
      ]
    },
    "fold_3": {
      "best_epoch": 47,
      "best_metric": "mcc",
      "best_mcc": 0.741095817148622,
      "best_f1_at_best_epoch": 0.8259244286070287,
      "best_checkpoint": "best_fold4.pt",
      "val_loss": 0.4406734091425281,
      "metrics": {
        "accuracy": 0.8267664462234598,
        "balanced_accuracy": 0.8266044931374202,
        "cohen_kappa": 0.7401855045031118,
        "mcc": 0.741095817148622,
        "precision_macro": 0.8265607265895669,
        "precision_weighted": 0.8270043126876686,
        "recall_macro": 0.8266044931374202,
        "recall_weighted": 0.8267664462234598,
        "f1_macro": 0.8256161801062493,
        "f1_weighted": 0.8259244286070287,
        "precision_Other": 0.7757807896287566,
        "recall_Other": 0.7151303693799097,
        "f1_Other": 0.744221946817994,
        "precision_Donor": 0.915083073184018,
        "recall_Donor": 0.9026577935766544,