{
  "experiment_name": "NucleotideTransformer_InstaDeepAI/nucleotide-transformer-v2-100m-multi-species_w600",
  "timestamp": "2026-03-06T18:12:56.383044",
  "embedding_dim": 512,
  "num_folds": 5,
  "best_fold": {
    "fold_idx": 3,
    "fold_number": 4,
    "best_metric": "mcc",
    "best_mcc": 0.7029488577381379,
    "checkpoint": "best_fold4.pt",
    "checkpoint_path": "d:\\Splice_FMs_seq_lengths\\results\\classifiers\\NucleotideTransformer_InstaDeepAI\\nucleotide-transformer-v2-100m-multi-species_w600\\checkpoints\\best_fold4.pt"
  },
  "hyperparameters": {
    "num_epochs": 50,
    "batch_size": 256,
    "learning_rate": 0.0001,
    "weight_decay": 0.001,
    "early_stopping_patience": 5,
    "seed": 42,
    "deterministic": false
  },
  "per_fold_results": {
    "fold_0": {
      "best_epoch": 46,
      "best_metric": "mcc",
      "best_mcc": 0.7005334631828465,
      "best_f1_at_best_epoch": 0.7992584789856699,
      "best_checkpoint": "best_fold1.pt",
      "val_loss": 0.48573040103148735,
      "metrics": {
        "accuracy": 0.8002825468185646,
        "balanced_accuracy": 0.799884237875577,
        "cohen_kappa": 0.7003975289903381,
        "mcc": 0.7005334631828465,
        "precision_macro": 0.7982334111874008,
        "precision_weighted": 0.7985406377899353,
        "recall_macro": 0.799884237875577,
        "recall_weighted": 0.8002825468185646,
        "f1_macro": 0.7989064230219087,
        "f1_weighted": 0.7992584789856699,
        "precision_Other": 0.723193586826996,
        "recall_Other": 0.6972114882506527,
        "f1_Other": 0.7099649048176114,
        "precision_Donor": 0.8779388793207034,
        "recall_Donor": 0.9057270360728895,
        "f1_Donor": 0.891616498535633,
        "precision_Acceptor": 0.793567767414503,
        "recall_Acceptor": 0.7967141893031888,
        "f1_Acceptor": 0.7951378657124816,
        "sensitivity_Other": 0.6972114882506527,
        "specificity_Other": 0.8666638836126824,
        "sensitivity_Donor": 0.9057270360728895,
        "specificity_Donor": 0.9360380308738496,
        "sensitivity_Acceptor": 0.7967141893031888,
        "specificity_Acceptor": 0.8979299313439347,
        "roc_auc_macro": 0.9283141586981468,
        "roc_auc_weighted": 0.9284629844763291,
        "roc_auc_Other": 0.8783438015947009,
        "roc_auc_Donor": 0.973265088165552,
        "roc_auc_Acceptor": 0.9333335863341873,
        "pr_auc_Other": 0.7799952895240907,
        "pr_auc_Donor": 0.9500505185894141,
        "pr_auc_Acceptor": 0.8696377732741151,
        "top1_accuracy": 0.8002825468185646,
        "top2_accuracy": 0.9721072007683047
      },
      "confusion_matrix": [
        [
          33379,
          5072,
          9424
        ],
        [
          4160,
          43839,
          403
        ],
        [
          8616,
          1023,
          37777
        ]
      ]
    },
    "fold_1": {
      "best_epoch": 48,
      "best_metric": "mcc",
      "best_mcc": 0.7024589868680438,
      "best_f1_at_best_epoch": 0.8004491893821265,
      "best_checkpoint": "best_fold2.pt",
      "val_loss": 0.4807480700393589,
      "metrics": {
        "accuracy": 0.8015352174427425,
        "balanced_accuracy": 0.8011688494070013,
        "cohen_kappa": 0.7022838378837974,
        "mcc": 0.7024589868680438,
        "precision_macro": 0.7994372443944631,
        "precision_weighted": 0.7997516375277669,
        "recall_macro": 0.8011688494070013,
        "recall_weighted": 0.8015352174427425,
        "f1_macro": 0.8001092117274095,
        "f1_weighted": 0.8004491893821265,
        "precision_Other": 0.7271952631693941,
        "recall_Other": 0.6952062663185379,
        "f1_Other": 0.7108410576224852,
        "precision_Donor": 0.8788846702424717,
        "recall_Donor": 0.9038882690797901,
        "f1_Donor": 0.8912111304631243,
        "precision_Acceptor": 0.7922317997715235,
        "recall_Acceptor": 0.8044120128226759,
        "f1_Acceptor": 0.7982754470966189,
        "sensitivity_Other": 0.6952062663185379,
        "specificity_Other": 0.8696904548205974,
        "sensitivity_Donor": 0.9038882690797901,
        "specificity_Donor": 0.9367306461260769,
        "sensitivity_Acceptor": 0.8044120128226759,
        "specificity_Acceptor": 0.8961018727214184,
        "roc_auc_macro": 0.929780222583564,
        "roc_auc_weighted": 0.9299240918766336,
        "roc_auc_Other": 0.8807993167202814,
        "roc_auc_Donor": 0.9735482206771859,
        "roc_auc_Acceptor": 0.9349931303532244,
        "pr_auc_Other": 0.783516082730691,
        "pr_auc_Donor": 0.9506230645929362,
        "pr_auc_Acceptor": 0.8739567419014086,
        "top1_accuracy": 0.8015352174427425,
        "top2_accuracy": 0.9726221875804667
      },
      "confusion_matrix": [
        [
          33283,
          5015,
          9577
        ],
        [
          4226,
          43750,
          426
        ],
        [
          8260,
          1014,
          38142
        ]
      ]
    },
    "fold_2": {
      "best_epoch": 43,
      "best_metric": "mcc",
      "best_mcc": 0.699111811969649,
      "best_f1_at_best_epoch": 0.7982764281031147,
      "best_checkpoint": "best_fold3.pt",
      "val_loss": 0.4843627889491485,
      "metrics": {
        "accuracy": 0.7992943288817131,
        "balanced_accuracy": 0.798951749907964,
        "cohen_kappa": 0.6989305605025706,
        "mcc": 0.699111811969649,
        "precision_macro": 0.7973203885936143,
        "precision_weighted": 0.7976562840169604,
        "recall_macro": 0.798951749907964,
        "recall_weighted": 0.7992943288817131,
        "f1_macro": 0.7979370902364392,
        "f1_weighted": 0.7982764281031147,
        "precision_Other": 0.7235802604223657,
        "recall_Other": 0.6906318537859008,
        "f1_Other": 0.706722240034199,
        "precision_Donor": 0.880598826623508,
        "recall_Donor": 0.8993016817486881,
        "f1_Donor": 0.8898519911685339,
        "precision_Acceptor": 0.7877820787349695,
        "recall_Acceptor": 0.8069217141893031,
        "f1_Acceptor": 0.7972370395065844,
        "sensitivity_Other": 0.6906318537859008,
        "specificity_Other": 0.8681771692166399,
        "sensitivity_Donor": 0.8993016817486881,
        "specificity_Donor": 0.9380634057780902,
        "sensitivity_Acceptor": 0.8069217141893031,
        "specificity_Acceptor": 0.8929443169188903,
        "roc_auc_macro": 0.92828078057511,
        "roc_auc_weighted": 0.9284256448109598,
        "roc_auc_Other": 0.8773605275493187,
        "roc_auc_Donor": 0.9730965744704594,
        "roc_auc_Acceptor": 0.9343852397055521,
        "pr_auc_Other": 0.7801166786533483,
        "pr_auc_Donor": 0.9490598232373625,
        "pr_auc_Acceptor": 0.871140575934509,
        "top1_accuracy": 0.7992943288817131,
        "top2_accuracy": 0.9729144773927749
      },
      "confusion_matrix": [
        [
          33064,
          4955,
          9856
        ],
        [
          4423,
          43528,
          451
        ],
        [
          8208,
          947,
          38261
        ]
      ]
    },
    "fold_3": {
      "best_epoch": 44,
      "best_metric": "mcc",
      "best_mcc": 0.7029488577381379,
      "best_f1_at_best_epoch": 0.8009147607925361,
      "best_checkpoint": "best_fold4.pt",
      "val_loss": 0.48339794692831956,
      "metrics": {
        "accuracy": 0.8018818027447596,
        "balanced_accuracy": 0.8015123785175559,
        "cohen_kappa": 0.7028050890416436,
        "mcc": 0.7029488577381379,
        "precision_macro": 0.7999410791881992,
        "precision_weighted": 0.8002661010437003,
        "recall_macro": 0.8015123785175559,
        "recall_weighted": 0.8018818027447596,
        "f1_macro": 0.8005678432642359,
        "f1_weighted": 0.8009147607925361,
        "precision_Other": 0.7274546918173314,
        "recall_Other": 0.6984020887728459,
        "f1_Other": 0.7126324090453761,
        "precision_Donor": 0.8811332540754025,
        "recall_Donor": 0.903452408008099,