{
  "experiment_name": "HyenaDNA_LongSafari/hyenadna-medium-160k-seqlen-hf_w2000",
  "timestamp": "2026-03-07T17:46:39.208073",
  "embedding_dim": 256,
  "num_folds": 5,
  "best_fold": {
    "fold_idx": 2,
    "fold_number": 3,
    "best_metric": "mcc",
    "best_mcc": 0.713728580735818,
    "checkpoint": "best_fold3.pt",
    "checkpoint_path": "d:\\Splice_FMs_seq_lengths\\results\\classifiers\\HyenaDNA_LongSafari\\hyenadna-medium-160k-seqlen-hf_w2000\\checkpoints\\best_fold3.pt"
  },
  "hyperparameters": {
    "num_epochs": 50,
    "batch_size": 256,
    "learning_rate": 0.0001,
    "weight_decay": 0.001,
    "early_stopping_patience": 5,
    "seed": 42,
    "deterministic": false
  },
  "per_fold_results": {
    "fold_0": {
      "best_epoch": 25,
      "best_metric": "mcc",
      "best_mcc": 0.7080246320146265,
      "best_f1_at_best_epoch": 0.8010606463429812,
      "best_checkpoint": "best_fold1.pt",
      "val_loss": 0.4485822920803498,
      "metrics": {
        "accuracy": 0.804150336579627,
        "balanced_accuracy": 0.8042807997381063,
        "cohen_kappa": 0.706261755787914,
        "mcc": 0.7080246320146265,
        "precision_macro": 0.8017873800674878,
        "precision_weighted": 0.8019155915825706,
        "recall_macro": 0.8042807997381063,
        "recall_weighted": 0.804150336579627,
        "f1_macro": 0.8010529312776455,
        "f1_weighted": 0.8010606463429812,
        "precision_Other": 0.7580575539568345,
        "recall_Other": 0.6604199310560953,
        "f1_Other": 0.7058784123262435,
        "precision_Donor": 0.841089693956559,
        "recall_Donor": 0.853118670689869,
        "f1_Donor": 0.8470614791102355,
        "precision_Acceptor": 0.8062148922890701,
        "recall_Acceptor": 0.8993037974683544,
        "f1_Acceptor": 0.8502189023964577,
        "sensitivity_Other": 0.6604199310560953,
        "specificity_Other": 0.894671455118702,
        "sensitivity_Donor": 0.853118670689869,
        "specificity_Donor": 0.9181336272503018,
        "sensitivity_Acceptor": 0.8993037974683544,
        "specificity_Acceptor": 0.8935491579308267,
        "roc_auc_macro": 0.9335270472226811,
        "roc_auc_weighted": 0.933536627244139,
        "roc_auc_Other": 0.8768567477369755,
        "roc_auc_Donor": 0.9616486181388102,
        "roc_auc_Acceptor": 0.9620757757922576,
        "pr_auc_Other": 0.8045108522676407,
        "pr_auc_Donor": 0.920036315491845,
        "pr_auc_Acceptor": 0.9099336292118854,
        "top1_accuracy": 0.804150336579627,
        "top2_accuracy": 0.9821303019122735
      },
      "confusion_matrix": [
        [
          31611,
          7140,
          9114
        ],
        [
          5975,
          41279,
          1132
        ],
        [
          4114,
          659,
          42627
        ]
      ]
    },
    "fold_1": {
      "best_epoch": 43,
      "best_metric": "mcc",
      "best_mcc": 0.7133202999382345,
      "best_f1_at_best_epoch": 0.8058175798788284,
      "best_checkpoint": "best_fold2.pt",
      "val_loss": 0.44361527168665915,
      "metrics": {
        "accuracy": 0.8081600545767171,
        "balanced_accuracy": 0.8082407624162484,
        "cohen_kappa": 0.7122581184880301,
        "mcc": 0.7133202999382345,
        "precision_macro": 0.8057657536534512,
        "precision_weighted": 0.8058481264851479,
        "recall_macro": 0.8082407624162484,
        "recall_weighted": 0.8081600545767171,
        "f1_macro": 0.8058121081377201,
        "f1_weighted": 0.8058175798788284,
        "precision_Other": 0.7564917673909499,
        "recall_Other": 0.6786378355792333,
        "f1_Other": 0.7154530637416854,
        "precision_Donor": 0.8410044384994224,
        "recall_Donor": 0.8576034390112842,
        "f1_Donor": 0.8492228350404699,
        "precision_Acceptor": 0.8198010550699811,
        "recall_Acceptor": 0.8884810126582279,
        "f1_Acceptor": 0.8527604256310051,
        "sensitivity_Other": 0.6786378355792333,
        "specificity_Other": 0.8908399974944147,
        "sensitivity_Donor": 0.8576034390112842,
        "specificity_Donor": 0.9176507636592662,
        "sensitivity_Acceptor": 0.8884810126582279,
        "specificity_Acceptor": 0.9038243758506405,
        "roc_auc_macro": 0.9350093684323503,
        "roc_auc_weighted": 0.9350142947068248,
        "roc_auc_Other": 0.8796204336327754,
        "roc_auc_Donor": 0.9618486371304896,
        "roc_auc_Acceptor": 0.9635590345337857,
        "pr_auc_Other": 0.8073580258759718,
        "pr_auc_Donor": 0.9187780077105939,
        "pr_auc_Acceptor": 0.9145189155634753,
        "top1_accuracy": 0.8081600545767171,
        "top2_accuracy": 0.9825131742904679
      },
      "confusion_matrix": [
        [
          32483,
          7229,
          8153
        ],
        [
          5786,
          41496,
          1104
        ],
        [
          4670,
          616,
          42114
        ]
      ]
    },
    "fold_2": {
      "best_epoch": 35,
      "best_metric": "mcc",
      "best_mcc": 0.713728580735818,
      "best_f1_at_best_epoch": 0.8057339971774703,
      "best_checkpoint": "best_fold3.pt",
      "val_loss": 0.44296708077298363,
      "metrics": {
        "accuracy": 0.808313203527995,
        "balanced_accuracy": 0.8083824781676915,
        "cohen_kappa": 0.7124869316404918,
        "mcc": 0.713728580735818,
        "precision_macro": 0.8058497761559539,
        "precision_weighted": 0.8059377697860177,
        "recall_macro": 0.8083824781676915,
        "recall_weighted": 0.808313203527995,
        "f1_macro": 0.8057196644622007,
        "f1_weighted": 0.8057339971774703,
        "precision_Other": 0.7593804434819453,
        "recall_Other": 0.6739788989867336,
        "f1_Other": 0.7141354997952339,
        "precision_Donor": 0.8405846774193548,
        "recall_Donor": 0.861674864630265,
        "f1_Donor": 0.8509991223235972,
        "precision_Acceptor": 0.8175842075665614,
        "recall_Acceptor": 0.889493670886076,
        "f1_Acceptor": 0.8520243712677708,
        "sensitivity_Other": 0.6739788989867336,
        "specificity_Other": 0.8932829432276116,
        "sensitivity_Donor": 0.861674864630265,
        "specificity_Donor": 0.916999947514827,
        "sensitivity_Acceptor": 0.889493670886076,
        "specificity_Acceptor": 0.9022659504836313,
        "roc_auc_macro": 0.9353025403831782,
        "roc_auc_weighted": 0.9353146034109858,
        "roc_auc_Other": 0.8802598945664527,
        "roc_auc_Donor": 0.9630182567243215,
        "roc_auc_Acceptor": 0.9626294698587602,
        "pr_auc_Other": 0.8101264752689548,
        "pr_auc_Donor": 0.9225294435814231,
        "pr_auc_Acceptor": 0.911378522129077,
        "top1_accuracy": 0.808313203527995,
        "top2_accuracy": 0.9825062129745007
      },
      "confusion_matrix": [
        [
          32260,
          7245,
          8360
        ],
        [
          5646,
          41693,
          1047
        ],
        [
          4576,
          662,
          42162
        ]
      ]
    },
    "fold_3": {
      "best_epoch": 47,
      "best_metric": "mcc",
      "best_mcc": 0.7094607436754721,
      "best_f1_at_best_epoch": 0.8033723237997231,
      "best_checkpoint": "best_fold4.pt",
      "val_loss": 0.4442005955027516,
      "metrics": {
        "accuracy": 0.8055899756352245,
        "balanced_accuracy": 0.8057092249380794,
        "cohen_kappa": 0.7084162861618292,
        "mcc": 0.7094607436754721,
        "precision_macro": 0.8033542456863336,
        "precision_weighted": 0.8034708796697715,
        "recall_macro": 0.8057092249380794,
        "recall_weighted": 0.8055899756352245,
        "f1_macro": 0.8033677127964761,
        "f1_weighted": 0.8033723237997231,
        "precision_Other": 0.7494802014508155,
        "recall_Other": 0.6777954203576801,
        "f1_Other": 0.7118376302797587,
        "precision_Donor": 0.8456991019197495,
        "recall_Donor": 0.848530566692845,
        "f1_Donor": 0.8471124682773846,