{
  "experiment_name": "NucleotideTransformer_InstaDeepAI/nucleotide-transformer-500m-human-ref_w2000",
  "timestamp": "2026-03-09T17:46:34.093615",
  "embedding_dim": 1280,
  "num_folds": 5,
  "best_fold": {
    "fold_idx": 0,
    "fold_number": 1,
    "best_metric": "mcc",
    "best_mcc": 0.8840578589798331,
    "checkpoint": "best_fold1.pt",
    "checkpoint_path": "d:\\Splice_FMs_seq_lengths\\results\\classifiers\\NucleotideTransformer_InstaDeepAI\\nucleotide-transformer-500m-human-ref_w2000\\checkpoints\\best_fold1.pt"
  },
  "hyperparameters": {
    "num_epochs": 50,
    "batch_size": 256,
    "learning_rate": 0.0001,
    "weight_decay": 0.001,
    "early_stopping_patience": 5,
    "seed": 42,
    "deterministic": false
  },
  "per_fold_results": {
    "fold_0": {
      "best_epoch": 10,
      "best_metric": "mcc",
      "best_mcc": 0.8840578589798331,
      "best_f1_at_best_epoch": 0.9226459312427084,
      "best_checkpoint": "best_fold1.pt",
      "val_loss": 0.21433826232348896,
      "metrics": {
        "accuracy": 0.9226945861845723,
        "balanced_accuracy": 0.9226703503632923,
        "cohen_kappa": 0.8840410453607778,
        "mcc": 0.8840578589798331,
        "precision_macro": 0.9225552501372842,
        "precision_weighted": 0.9226323957895288,
        "recall_macro": 0.9226703503632923,
        "recall_weighted": 0.9226945861845723,
        "f1_macro": 0.9225951380728779,
        "f1_weighted": 0.9226459312427084,
        "precision_Other": 0.8908256494463391,
        "recall_Other": 0.8840697795884258,
        "f1_Other": 0.8874348569211572,
        "precision_Donor": 0.9487584087700357,
        "recall_Donor": 0.9444054065225479,
        "f1_Donor": 0.946576903158985,
        "precision_Acceptor": 0.9280816921954778,
        "recall_Acceptor": 0.939535864978903,
        "f1_Acceptor": 0.9337736541384913,
        "sensitivity_Other": 0.8840697795884258,
        "specificity_Other": 0.9458584761864991,
        "sensitivity_Donor": 0.9444054065225479,
        "specificity_Donor": 0.9740933186374849,
        "sensitivity_Acceptor": 0.939535864978903,
        "specificity_Acceptor": 0.9641458270563422,
        "roc_auc_macro": 0.986074228692701,
        "roc_auc_weighted": 0.9860817912758336,
        "roc_auc_Other": 0.9740871741212511,
        "roc_auc_Donor": 0.9928291506047838,
        "roc_auc_Acceptor": 0.991306361352068,
        "pr_auc_Other": 0.9501512580848727,
        "pr_auc_Donor": 0.9867453366391197,
        "pr_auc_Acceptor": 0.9821049293010079,
        "top1_accuracy": 0.9226945861845723,
        "top2_accuracy": 0.9955726030448796
      },
      "confusion_matrix": [
        [
          42316,
          2283,
          3266
        ],
        [
          2505,
          45696,
          185
        ],
        [
          2681,
          185,
          44534
        ]
      ]
    },
    "fold_1": {
      "best_epoch": 9,
      "best_metric": "mcc",
      "best_mcc": 0.8834526271120543,
      "best_f1_at_best_epoch": 0.9222522724777021,
      "best_checkpoint": "best_fold2.pt",
      "val_loss": 0.21087197582916858,
      "metrics": {
        "accuracy": 0.9222977911744437,
        "balanced_accuracy": 0.9222625112678712,
        "cohen_kappa": 0.8834444795245987,
        "mcc": 0.8834526271120543,
        "precision_macro": 0.9221575427308614,
        "precision_weighted": 0.9222237178889191,
        "recall_macro": 0.9222625112678712,
        "recall_weighted": 0.9222977911744437,
        "f1_macro": 0.9222014932948882,
        "f1_weighted": 0.9222522724777021,
        "precision_Other": 0.8899261969343342,
        "recall_Other": 0.8842369163271702,
        "f1_Other": 0.8870724346076458,
        "precision_Donor": 0.9469990269352602,
        "recall_Donor": 0.9453354276030257,
        "f1_Donor": 0.9461664960129076,
        "precision_Acceptor": 0.9295474043229897,
        "recall_Acceptor": 0.9372151898734177,
        "f1_Acceptor": 0.9333655492641111,
        "sensitivity_Other": 0.8842369163271702,
        "specificity_Other": 0.945346919173992,
        "sensitivity_Donor": 0.9453354276030257,
        "specificity_Donor": 0.9731275914554138,
        "sensitivity_Acceptor": 0.9372151898734177,
        "specificity_Acceptor": 0.9650185452618674,
        "roc_auc_macro": 0.9863266517674513,
        "roc_auc_weighted": 0.9863337315986468,
        "roc_auc_Other": 0.9746943731023165,
        "roc_auc_Donor": 0.992843928045707,
        "roc_auc_Acceptor": 0.99144165415433,
        "pr_auc_Other": 0.9513719162072534,
        "pr_auc_Donor": 0.9870474177127968,
        "pr_auc_Acceptor": 0.9823604858094956,
        "top1_accuracy": 0.9222977911744437,
        "top2_accuracy": 0.9952175759305539
      },
      "confusion_matrix": [
        [
          42324,
          2376,
          3165
        ],
        [
          2443,
          45741,
          202
        ],
        [
          2792,
          184,
          44424
        ]
      ]
    },
    "fold_2": {
      "best_epoch": 8,
      "best_metric": "mcc",
      "best_mcc": 0.8830313385485461,
      "best_f1_at_best_epoch": 0.9217598861443768,
      "best_checkpoint": "best_fold3.pt",
      "val_loss": 0.20890434450897458,
      "metrics": {
        "accuracy": 0.9219497253760851,
        "balanced_accuracy": 0.9219430849521414,
        "cohen_kappa": 0.8829264294490378,
        "mcc": 0.8830313385485461,
        "precision_macro": 0.9216851896931614,
        "precision_weighted": 0.9217870098421435,
        "recall_macro": 0.9219430849521414,
        "recall_weighted": 0.9219497253760851,
        "f1_macro": 0.9217050294769263,
        "f1_weighted": 0.9217598861443768,
        "precision_Other": 0.8969293076478025,
        "recall_Other": 0.8744803092029667,
        "f1_Other": 0.8855625608259637,
        "precision_Donor": 0.9481943695841453,
        "recall_Donor": 0.9452940933327822,
        "f1_Donor": 0.9467420102666004,
        "precision_Acceptor": 0.9199318918475362,
        "recall_Acceptor": 0.9460548523206751,
        "f1_Acceptor": 0.9328105173382149,
        "sensitivity_Other": 0.8744803092029667,
        "specificity_Other": 0.9497838932620634,
        "sensitivity_Donor": 0.9452940933327822,
        "specificity_Donor": 0.9737679105652653,
        "sensitivity_Acceptor": 0.9460548523206751,
        "specificity_Acceptor": 0.9594497719504212,
        "roc_auc_macro": 0.9864380864194425,
        "roc_auc_weighted": 0.986446664706633,
        "roc_auc_Other": 0.9748136320385612,
        "roc_auc_Donor": 0.9931699838031403,
        "roc_auc_Acceptor": 0.991330643416626,
        "pr_auc_Other": 0.9518078746447292,
        "pr_auc_Donor": 0.9874518220214157,
        "pr_auc_Acceptor": 0.9821534619637126,
        "top1_accuracy": 0.9219497253760851,
        "top2_accuracy": 0.9952871890902256
      },
      "confusion_matrix": [
        [
          41857,
          2315,
          3693
        ],
        [
          2437,
          45739,
          210
        ],
        [
          2373,
          184,
          44843
        ]
      ]
    },
    "fold_3": {
      "best_epoch": 9,
      "best_metric": "mcc",
      "best_mcc": 0.8826757481652121,
      "best_f1_at_best_epoch": 0.9215192324430553,
      "best_checkpoint": "best_fold4.pt",
      "val_loss": 0.21227826831656843,
      "metrics": {
        "accuracy": 0.9217333797424295,
        "balanced_accuracy": 0.9217067318974594,
        "cohen_kappa": 0.8825982789624212,
        "mcc": 0.8826757481652121,
        "precision_macro": 0.9214013792753543,
        "precision_weighted": 0.9214657903777677,
        "recall_macro": 0.9217067318974594,
        "recall_weighted": 0.9217333797424295,
        "f1_macro": 0.9214734202386019,
        "f1_weighted": 0.9215192324430553,
        "precision_Other": 0.8972968338013677,
        "recall_Other": 0.8745194718368712,
        "f1_Other": 0.8857617470612509,
        "precision_Donor": 0.942128726092405,
        "recall_Donor": 0.9477948166825114,