{
  "experiment_name": "HyenaDNA_LongSafari/hyenadna-small-32k-seqlen-hf_w600",
  "timestamp": "2026-03-05T15:24:02.434809",
  "embedding_dim": 256,
  "num_folds": 5,
  "hyperparameters": {
    "num_epochs": 50,
    "batch_size": 256,
    "learning_rate": 0.0001,
    "weight_decay": 0.001,
    "early_stopping_patience": 5,
    "seed": 42,
    "deterministic": false
  },
  "per_fold_results": {
    "fold_0": {
      "best_epoch": 21,
      "best_metric": "mcc",
      "best_mcc": 0.6850433061674073,
      "best_f1_at_best_epoch": 0.7823211118405131,
      "val_loss": 0.4912490130425348,
      "metrics": {
        "accuracy": 0.7871643016709234,
        "balanced_accuracy": 0.7873438184839245,
        "cohen_kappa": 0.6808350926430127,
        "mcc": 0.6850433061674073,
        "precision_macro": 0.7865596791614026,
        "precision_weighted": 0.7868618894663659,
        "recall_macro": 0.7873438184839245,
        "recall_weighted": 0.7871643016709234,
        "f1_macro": 0.7822365135363382,
        "f1_weighted": 0.7823211118405131,
        "precision_Other": 0.753986685245394,
        "recall_Other": 0.6103394255874673,
        "f1_Other": 0.6746008842304541,
        "precision_Donor": 0.8457650641092032,
        "recall_Donor": 0.8435808437667865,
        "f1_Donor": 0.8446715419067222,
        "precision_Acceptor": 0.7599272881296106,
        "recall_Acceptor": 0.9081111860975198,
        "f1_Acceptor": 0.8274371144718384,
        "sensitivity_Other": 0.6103394255874673,
        "specificity_Other": 0.900498862426684,
        "sensitivity_Donor": 0.8435808437667865,
        "specificity_Donor": 0.9218604065441647,
        "sensitivity_Acceptor": 0.9081111860975198,
        "specificity_Acceptor": 0.8587097645335854,
        "roc_auc_macro": 0.9167293658706767,
        "roc_auc_weighted": 0.9167948850626585,
        "roc_auc_Other": 0.8465924293919493,
        "roc_auc_Donor": 0.9589276448738848,
        "roc_auc_Acceptor": 0.9446680233461959,
        "pr_auc_Other": 0.7709379958229328,
        "pr_auc_Donor": 0.9146168601629715,
        "pr_auc_Acceptor": 0.8568255874428358,
        "top1_accuracy": 0.7871643016709234,
        "top2_accuracy": 0.9792543826073643
      },
      "confusion_matrix": [
        [
          29220,
          6865,
          11790
        ],
        [
          5758,
          40831,
          1813
        ],
        [
          3776,
          581,
          43059
        ]
      ]
    },
    "fold_1": {
      "best_epoch": 22,
      "best_metric": "mcc",
      "best_mcc": 0.6840086466301649,
      "best_f1_at_best_epoch": 0.7793634551582538,
      "val_loss": 0.4940948817759646,
      "metrics": {
        "accuracy": 0.7855706262657193,
        "balanced_accuracy": 0.7857575150741969,
        "cohen_kappa": 0.6784463084354386,
        "mcc": 0.6840086466301649,
        "precision_macro": 0.7855059302275015,
        "precision_weighted": 0.7857984525232148,
        "recall_macro": 0.7857575150741969,
        "recall_weighted": 0.7855706262657193,
        "f1_macro": 0.779282456248704,
        "f1_weighted": 0.7793634551582538,
        "precision_Other": 0.7629097197827438,
        "recall_Other": 0.5897232375979112,
        "f1_Other": 0.6652293772531279,
        "precision_Donor": 0.8386550852295898,
        "recall_Donor": 0.8497789347547622,
        "f1_Donor": 0.8441803665619934,
        "precision_Acceptor": 0.7549529856701711,
        "recall_Acceptor": 0.9177703728699174,
        "f1_Acceptor": 0.8284376249309905,
        "sensitivity_Other": 0.5897232375979112,
        "specificity_Other": 0.9084305662819094,
        "sensitivity_Donor": 0.8497789347547622,
        "specificity_Donor": 0.9169596289261316,
        "sensitivity_Acceptor": 0.9177703728699174,
        "specificity_Acceptor": 0.8532879088463496,
        "roc_auc_macro": 0.916101097174411,
        "roc_auc_weighted": 0.9161670133526937,
        "roc_auc_Other": 0.8455006904680636,
        "roc_auc_Donor": 0.9585729836695154,
        "roc_auc_Acceptor": 0.9442296173856544,
        "pr_auc_Other": 0.7684073358283224,
        "pr_auc_Donor": 0.9148546395789309,
        "pr_auc_Acceptor": 0.856248692435114,
        "top1_accuracy": 0.7855706262657193,
        "top2_accuracy": 0.9790525634512468
      },
      "confusion_matrix": [
        [
          28233,
          7354,
          12288
        ],
        [
          5434,
          41131,
          1837
        ],
        [
          3340,
          559,
          43517
        ]
      ]
    },
    "fold_2": {
      "best_epoch": 23,
      "best_metric": "mcc",
      "best_mcc": 0.682223750776935,
      "best_f1_at_best_epoch": 0.7768400110323331,
      "val_loss": 0.49682145700972274,
      "metrics": {
        "accuracy": 0.7838795209230791,
        "balanced_accuracy": 0.7840602118038721,
        "cohen_kappa": 0.6759056546034639,
        "mcc": 0.682223750776935,
        "precision_macro": 0.7841411638846788,
        "precision_weighted": 0.7844134800143355,
        "recall_macro": 0.7840602118038721,
        "recall_weighted": 0.7838795209230791,
        "f1_macro": 0.7767644581387345,
        "f1_weighted": 0.7768400110323331,
        "precision_Other": 0.7681199666759233,
        "recall_Other": 0.5777545691906005,
        "f1_Other": 0.659474280264648,
        "precision_Donor": 0.8312848262959909,
        "recall_Donor": 0.8537663732903599,
        "f1_Donor": 0.8423756281022902,
        "precision_Acceptor": 0.7530186986821225,
        "recall_Acceptor": 0.9206596929306563,
        "f1_Acceptor": 0.8284434660492656,
        "sensitivity_Other": 0.5777545691906005,
        "specificity_Other": 0.91285562211693,
        "sensitivity_Donor": 0.8537663732903599,
        "specificity_Donor": 0.9119853921146803,
        "sensitivity_Acceptor": 0.9206596929306563,
        "specificity_Acceptor": 0.851283276379613,
        "roc_auc_macro": 0.9147769110405091,
        "roc_auc_weighted": 0.9148393468288393,
        "roc_auc_Other": 0.8424936935760556,
        "roc_auc_Donor": 0.9575249663637683,
        "roc_auc_Acceptor": 0.9443120731817034,
        "pr_auc_Other": 0.7655936720139243,
        "pr_auc_Donor": 0.9120168051156217,
        "pr_auc_Acceptor": 0.8544572996129707,
        "top1_accuracy": 0.7838795209230791,
        "top2_accuracy": 0.9790943191387194
      },
      "confusion_matrix": [
        [
          27660,
          7826,
          12389
        ],
        [
          5149,
          41324,
          1929
        ],
        [
          3201,
          561,
          43654
        ]
      ]
    },
    "fold_3": {
      "best_epoch": 14,
      "best_metric": "mcc",
      "best_mcc": 0.681448189456973,
      "best_f1_at_best_epoch": 0.7759669668493817,
      "val_loss": 0.49769040194482567,
      "metrics": {
        "accuracy": 0.7829872226707123,
        "balanced_accuracy": 0.7832254336562858,
        "cohen_kappa": 0.67458935715754,
        "mcc": 0.681448189456973,
        "precision_macro": 0.7842484591728871,
        "precision_weighted": 0.784563671191915,
        "recall_macro": 0.7832254336562858,
        "recall_weighted": 0.7829872226707123,
        "f1_macro": 0.7758934171694102,
        "f1_weighted": 0.7759669668493817,
        "precision_Other": 0.7686826797294665,
        "recall_Other": 0.5768772845953003,
        "f1_Other": 0.6591093503890029,
        "precision_Donor": 0.8374851477035277,
        "recall_Donor": 0.8446313092704696,
        "f1_Donor": 0.8410430489122049,
        "precision_Acceptor": 0.7465775500856673,
        "recall_Acceptor": 0.9281677071030876,
        "f1_Acceptor": 0.827527852207023,
        "sensitivity_Other": 0.5768772845953003,
        "specificity_Other": 0.9132617385223917,
        "sensitivity_Donor": 0.8446313092704696,
        "specificity_Donor": 0.9167497455163657,
        "sensitivity_Acceptor": 0.9281677071030876,
        "specificity_Acceptor": 0.8448315260293323,
        "roc_auc_macro": 0.9146477239505281,