{
  "experiment_name": "DNABert_zhihan1996/DNABERT-2-117M_w1000",
  "timestamp": "2026-03-05T18:34:00.575720",
  "embedding_dim": 768,
  "num_folds": 5,
  "hyperparameters": {
    "num_epochs": 50,
    "batch_size": 256,
    "learning_rate": 0.0001,
    "weight_decay": 0.001,
    "early_stopping_patience": 5,
    "seed": 42,
    "deterministic": false
  },
  "per_fold_results": {
    "fold_0": {
      "best_epoch": 43,
      "best_metric": "mcc",
      "best_mcc": 0.2852824575098548,
      "best_f1_at_best_epoch": 0.5204944314105353,
      "val_loss": 0.9717875075297848,
      "metrics": {
        "accuracy": 0.5224098699455149,
        "balanced_accuracy": 0.5225457831534164,
        "cohen_kappa": 0.28382544667665155,
        "mcc": 0.2852824575098548,
        "precision_macro": 0.5235612883605572,
        "precision_weighted": 0.5237593173351345,
        "recall_macro": 0.5225457831534164,
        "recall_weighted": 0.5224098699455149,
        "f1_macro": 0.5204500836154006,
        "f1_weighted": 0.5204944314105353,
        "precision_Other": 0.5170642477698707,
        "recall_Other": 0.43086528021381443,
        "f1_Other": 0.47004555808656034,
        "precision_Donor": 0.5555345753608594,
        "recall_Donor": 0.5470641709020289,
        "f1_Donor": 0.5512668373826328,
        "precision_Acceptor": 0.49808504195094144,
        "recall_Acceptor": 0.5897078983444057,
        "f1_Acceptor": 0.5400378553770087,
        "sensitivity_Other": 0.43086528021381443,
        "specificity_Other": 0.7988561528747509,
        "sensitivity_Donor": 0.5470641709020289,
        "specificity_Donor": 0.7777183207949049,
        "sensitivity_Acceptor": 0.5897078983444057,
        "specificity_Acceptor": 0.7073960994454483,
        "roc_auc_macro": 0.7080443033304112,
        "roc_auc_weighted": 0.7080990912824293,
        "roc_auc_Other": 0.6818012507453026,
        "roc_auc_Donor": 0.7287043417090091,
        "roc_auc_Acceptor": 0.7136273175369219,
        "pr_auc_Other": 0.5447145613585425,
        "pr_auc_Donor": 0.602057292838325,
        "pr_auc_Acceptor": 0.5319194284934426,
        "top1_accuracy": 0.5224098699455149,
        "top2_accuracy": 0.8078199695217418
      },
      "confusion_matrix": [
        [
          20635,
          11504,
          15753
        ],
        [
          9500,
          26479,
          12423
        ],
        [
          9773,
          9681,
          27961
        ]
      ]
    },
    "fold_1": {
      "best_epoch": 45,
      "best_metric": "mcc",
      "best_mcc": 0.2883077529623814,
      "best_f1_at_best_epoch": 0.5230856571913117,
      "val_loss": 0.970951195607406,
      "metrics": {
        "accuracy": 0.5245182973926477,
        "balanced_accuracy": 0.5246212745038996,
        "cohen_kappa": 0.28697753104028967,
        "mcc": 0.2883077529623814,
        "precision_macro": 0.5261338731047889,
        "precision_weighted": 0.5263499483849383,
        "recall_macro": 0.5246212745038996,
        "recall_weighted": 0.5245182973926477,
        "f1_macro": 0.5230170609346302,
        "f1_weighted": 0.5230856571913117,
        "precision_Other": 0.5242109438920983,
        "recall_Other": 0.4414724797460954,
        "f1_Other": 0.4792972513459904,
        "precision_Donor": 0.5585241463261066,
        "recall_Donor": 0.5498119912400314,
        "f1_Donor": 0.5541338275255339,
        "precision_Acceptor": 0.49566652909616177,
        "recall_Acceptor": 0.582579352525572,
        "f1_Acceptor": 0.5356201039323664,
        "sensitivity_Other": 0.4414724797460954,
        "specificity_Other": 0.7997223874677771,
        "sensitivity_Donor": 0.5498119912400314,
        "specificity_Donor": 0.7792921821062462,
        "sensitivity_Acceptor": 0.582579352525572,
        "specificity_Acceptor": 0.7081230398571042,
        "roc_auc_macro": 0.7093437586329011,
        "roc_auc_weighted": 0.7094092106896892,
        "roc_auc_Other": 0.6850329748355765,
        "roc_auc_Donor": 0.7306226780860579,
        "roc_auc_Acceptor": 0.7123756229770694,
        "pr_auc_Other": 0.5490771754932041,
        "pr_auc_Donor": 0.601591551264354,
        "pr_auc_Acceptor": 0.531637104576639,
        "top1_accuracy": 0.5245252558990738,
        "top2_accuracy": 0.8080287247145272
      },
      "confusion_matrix": [
        [
          21143,
          11119,
          15630
        ],
        [
          9314,
          26612,
          12476
        ],
        [
          9876,
          9916,
          27623
        ]
      ]
    },
    "fold_2": {
      "best_epoch": 47,
      "best_metric": "mcc",
      "best_mcc": 0.2870188423633898,
      "best_f1_at_best_epoch": 0.5217721559239066,
      "val_loss": 0.9711699773196224,
      "metrics": {
        "accuracy": 0.5235580235058347,
        "balanced_accuracy": 0.5236731074935012,
        "cohen_kappa": 0.2855435077204358,
        "mcc": 0.2870188423633898,
        "precision_macro": 0.5250088663766577,
        "precision_weighted": 0.5252210323181473,
        "recall_macro": 0.5236731074935012,
        "recall_weighted": 0.5235580235058347,
        "f1_macro": 0.521710401828322,
        "f1_weighted": 0.5217721559239066,
        "precision_Other": 0.5210216998191681,
        "recall_Other": 0.433162114758206,
        "f1_Other": 0.4730469284443836,
        "precision_Donor": 0.5578275429049812,
        "recall_Donor": 0.5506590636750548,
        "f1_Donor": 0.554220124347591,
        "precision_Acceptor": 0.49617735640582394,
        "recall_Acceptor": 0.5871981440472425,
        "f1_Acceptor": 0.5378641526929913,
        "sensitivity_Other": 0.433162114758206,
        "specificity_Other": 0.8009643382698268,
        "sensitivity_Donor": 0.5506590636750548,
        "specificity_Donor": 0.7783268805019569,
        "sensitivity_Acceptor": 0.5871981440472425,
        "specificity_Acceptor": 0.7064095374582009,
        "roc_auc_macro": 0.7085888509366987,
        "roc_auc_weighted": 0.7086546150552249,
        "roc_auc_Other": 0.6819218280921463,
        "roc_auc_Donor": 0.7310519366571866,
        "roc_auc_Acceptor": 0.7127927880607634,
        "pr_auc_Other": 0.5429260341741371,
        "pr_auc_Donor": 0.6065020163463322,
        "pr_auc_Acceptor": 0.5314512781592965,
        "top1_accuracy": 0.5235580235058347,
        "top2_accuracy": 0.8091560027555685
      },
      "confusion_matrix": [
        [
          20745,
          11362,
          15785
        ],
        [
          9263,
          26653,
          12486
        ],
        [
          9808,
          9765,
          27842
        ]
      ]
    },
    "fold_3": {
      "best_epoch": 44,
      "best_metric": "mcc",
      "best_mcc": 0.2914717519534333,
      "best_f1_at_best_epoch": 0.5234311409671015,
      "val_loss": 0.9680545861398622,
      "metrics": {
        "accuracy": 0.5259239156907362,
        "balanced_accuracy": 0.5261155795225944,
        "cohen_kappa": 0.28916421132462666,
        "mcc": 0.2914717519534333,
        "precision_macro": 0.5287485280755777,
        "precision_weighted": 0.5289872936968036,
        "recall_macro": 0.5261155795225944,
        "recall_weighted": 0.5259239156907362,
        "f1_macro": 0.523387309186381,
        "f1_weighted": 0.5234311409671015,
        "precision_Other": 0.5296414718523954,
        "recall_Other": 0.42197026643280716,
        "f1_Other": 0.4697145779100037,
        "precision_Donor": 0.5631523122613492,
        "recall_Donor": 0.5484804032974525,
        "f1_Donor": 0.5557195340220429,
        "precision_Acceptor": 0.49345180011298856,
        "recall_Acceptor": 0.6078960688375232,
        "f1_Acceptor": 0.5447278156270965,
        "sensitivity_Other": 0.42197026643280716,
        "specificity_Other": 0.8126950332404479,
        "sensitivity_Donor": 0.5484804032974525,
        "specificity_Donor": 0.7839320938431191,
        "sensitivity_Acceptor": 0.6078960688375232,
        "specificity_Acceptor": 0.6927190969229331,
        "roc_auc_macro": 0.7109413471339887,