{
  "experiment_name": "HyenaDNA_LongSafari/hyenadna-medium-160k-seqlen-hf_w10000",
  "timestamp": "2026-03-06T22:13:52.861745",
  "embedding_dim": 256,
  "num_folds": 5,
  "best_fold": {
    "fold_idx": 1,
    "fold_number": 2,
    "best_metric": "mcc",
    "best_mcc": 0.6550792814567226,
    "checkpoint": "best_fold2.pt",
    "checkpoint_path": "d:\\Splice_FMs_seq_lengths\\results\\classifiers\\HyenaDNA_LongSafari\\hyenadna-medium-160k-seqlen-hf_w10000\\checkpoints\\best_fold2.pt"
  },
  "hyperparameters": {
    "num_epochs": 50,
    "batch_size": 256,
    "learning_rate": 0.0001,
    "weight_decay": 0.001,
    "early_stopping_patience": 5,
    "seed": 42,
    "deterministic": false
  },
  "per_fold_results": {
    "fold_0": {
      "best_epoch": 49,
      "best_metric": "mcc",
      "best_mcc": 0.6516016927305347,
      "best_f1_at_best_epoch": 0.764638239011314,
      "best_checkpoint": "best_fold1.pt",
      "val_loss": 0.5450126281094296,
      "metrics": {
        "accuracy": 0.7669977932628385,
        "balanced_accuracy": 0.7674454145178012,
        "cohen_kappa": 0.6505837189847965,
        "mcc": 0.6516016927305347,
        "precision_macro": 0.7646667491547521,
        "precision_weighted": 0.7646804068355111,
        "recall_macro": 0.7674454145178012,
        "recall_weighted": 0.7669977932628385,
        "f1_macro": 0.7648492707711116,
        "f1_weighted": 0.764638239011314,
        "precision_Other": 0.6807081132450771,
        "recall_Other": 0.6434764441658832,
        "f1_Other": 0.6615688633044076,
        "precision_Donor": 0.8062516428634013,
        "recall_Donor": 0.760695242425495,
        "f1_Donor": 0.7828112039813693,
        "precision_Acceptor": 0.8070404913557779,
        "recall_Acceptor": 0.8981645569620254,
        "f1_Acceptor": 0.8501677450275581,
        "sensitivity_Other": 0.6434764441658832,
        "specificity_Other": 0.8491742008226671,
        "sensitivity_Donor": 0.760695242425495,
        "specificity_Donor": 0.9071537290715372,
        "sensitivity_Acceptor": 0.8981645569620254,
        "specificity_Acceptor": 0.8942452545947575,
        "roc_auc_macro": 0.9057449903607603,
        "roc_auc_weighted": 0.9056147045419504,
        "roc_auc_Other": 0.8377372905825715,
        "roc_auc_Donor": 0.9188361589601445,
        "roc_auc_Acceptor": 0.9606615215395646,
        "pr_auc_Other": 0.7142293632186385,
        "pr_auc_Donor": 0.8521231769350958,
        "pr_auc_Acceptor": 0.9055366104721975,
        "top1_accuracy": 0.7669977932628385,
        "top2_accuracy": 0.967734300492165
      },
      "confusion_matrix": [
        [
          30800,
          8757,
          8308
        ],
        [
          9708,
          36807,
          1871
        ],
        [
          4739,
          88,
          42573
        ]
      ]
    },
    "fold_1": {
      "best_epoch": 48,
      "best_metric": "mcc",
      "best_mcc": 0.6550792814567226,
      "best_f1_at_best_epoch": 0.7671267337625509,
      "best_checkpoint": "best_fold2.pt",
      "val_loss": 0.5447195659646784,
      "metrics": {
        "accuracy": 0.7694760217471511,
        "balanced_accuracy": 0.7698657078256561,
        "cohen_kappa": 0.6542781086503864,
        "mcc": 0.6550792814567226,
        "precision_macro": 0.7666776074307026,
        "precision_weighted": 0.7666482331417463,
        "recall_macro": 0.7698657078256561,
        "recall_weighted": 0.7694760217471511,
        "f1_macro": 0.7673306716685326,
        "f1_weighted": 0.7671267337625509,
        "precision_Other": 0.6859741823289413,
        "recall_Other": 0.6428078972109057,
        "f1_Other": 0.6636898984016049,
        "precision_Donor": 0.8004579793267276,
        "recall_Donor": 0.7730128549580457,
        "f1_Donor": 0.7864960625781965,
        "precision_Acceptor": 0.8136006606364387,
        "recall_Acceptor": 0.8937763713080169,
        "f1_Acceptor": 0.8518060540257965,
        "sensitivity_Other": 0.6428078972109057,
        "specificity_Other": 0.8529534587518008,
        "sensitivity_Donor": 0.7730128549580457,
        "specificity_Donor": 0.9021256495040151,
        "sensitivity_Acceptor": 0.8937763713080169,
        "specificity_Acceptor": 0.8991594892520597,
        "roc_auc_macro": 0.9058069013170519,
        "roc_auc_weighted": 0.9056746934167484,
        "roc_auc_Other": 0.8378261282148096,
        "roc_auc_Donor": 0.9186053418911347,
        "roc_auc_Acceptor": 0.9609892338452114,
        "pr_auc_Other": 0.7145642443207215,
        "pr_auc_Donor": 0.8497037904271957,
        "pr_auc_Acceptor": 0.9058219488256318,
        "top1_accuracy": 0.7694760217471511,
        "top2_accuracy": 0.9681310955022937
      },
      "confusion_matrix": [
        [
          30768,
          9194,
          7903
        ],
        [
          9180,
          37403,
          1803
        ],
        [
          4905,
          130,
          42365
        ]
      ]
    },
    "fold_2": {
      "best_epoch": 19,
      "best_metric": "mcc",
      "best_mcc": 0.6495281046817671,
      "best_f1_at_best_epoch": 0.7634580385642171,
      "best_checkpoint": "best_fold3.pt",
      "val_loss": 0.5492858769524565,
      "metrics": {
        "accuracy": 0.7657099498089118,
        "balanced_accuracy": 0.7661068991705058,
        "cohen_kappa": 0.6486421298714982,
        "mcc": 0.6495281046817671,
        "precision_macro": 0.7632747484731093,
        "precision_weighted": 0.7632914175645182,
        "recall_macro": 0.7661068991705058,
        "recall_weighted": 0.7657099498089118,
        "f1_macro": 0.7636425489214869,
        "f1_weighted": 0.7634580385642171,
        "precision_Other": 0.6780145299902542,
        "recall_Other": 0.6395278387130471,
        "f1_Other": 0.6582090675496973,
        "precision_Donor": 0.8059122061247506,
        "recall_Donor": 0.7679700739883437,
        "f1_Donor": 0.786483797913095,
        "precision_Acceptor": 0.8058975093043229,
        "recall_Acceptor": 0.8908227848101266,
        "f1_Acceptor": 0.8462347813016684,
        "sensitivity_Other": 0.6395278387130471,
        "specificity_Other": 0.8482346063098991,
        "sensitivity_Donor": 0.7679700739883437,
        "specificity_Donor": 0.9060620374744135,
        "sensitivity_Acceptor": 0.8908227848101266,
        "specificity_Acceptor": 0.894338760116778,
        "roc_auc_macro": 0.9041924502847943,
        "roc_auc_weighted": 0.9040695826709925,
        "roc_auc_Other": 0.834595462308473,
        "roc_auc_Donor": 0.9191138943200184,
        "roc_auc_Acceptor": 0.9588679942258916,
        "pr_auc_Other": 0.7121879820303586,
        "pr_auc_Donor": 0.852766953556118,
        "pr_auc_Acceptor": 0.8996597597185951,
        "top1_accuracy": 0.7657099498089118,
        "top2_accuracy": 0.967734300492165
      },
      "confusion_matrix": [
        [
          30611,
          8912,
          8342
        ],
        [
          9399,
          37159,
          1828
        ],
        [
          5138,
          37,
          42225
        ]
      ]
    },
    "fold_3": {
      "best_epoch": 13,
      "best_metric": "mcc",
      "best_mcc": 0.6443759408798976,
      "best_f1_at_best_epoch": 0.7586110968523897,
      "best_checkpoint": "best_fold4.pt",
      "val_loss": 0.5554019470443929,
      "metrics": {
        "accuracy": 0.7618517229376958,
        "balanced_accuracy": 0.762294421051668,
        "cohen_kappa": 0.6428754559950605,
        "mcc": 0.6443759408798976,
        "precision_macro": 0.7587873388702248,
        "precision_weighted": 0.7588407230757541,
        "recall_macro": 0.762294421051668,
        "recall_weighted": 0.7618517229376958,
        "f1_macro": 0.7587957585273931,
        "f1_weighted": 0.7586110968523897,
        "precision_Other": 0.6797233445182497,
        "recall_Other": 0.6221377235500585,
        "f1_Other": 0.6496569327937343,
        "precision_Donor": 0.8037714509428627,
        "recall_Donor": 0.7637539784235109,
        "f1_Donor": 0.7832519101766582,