{
  "experiment_name": "DNABert_zhihan1996/DNABERT-2-117M_CLS_w300_quick",
  "timestamp": "2026-03-11T01:36:37.209571",
  "embedding_dim": 768,
  "num_folds": 5,
  "best_fold": {
    "fold_idx": 2,
    "fold_number": 3,
    "best_metric": "mcc",
    "best_mcc": 0.2354170492356013,
    "checkpoint": "best_fold3.pt",
    "checkpoint_path": "d:\\Splice_FMs_seq_lengths\\results\\classifiers\\DNABert_zhihan1996\\DNABERT-2-117M_CLS_w300_quick\\checkpoints\\best_fold3.pt"
  },
  "hyperparameters": {
    "num_epochs": 100,
    "batch_size": 256,
    "learning_rate": 0.0001,
    "weight_decay": 0.001,
    "early_stopping_patience": 5,
    "seed": 42,
    "deterministic": false
  },
  "per_fold_results": {
    "fold_0": {
      "best_epoch": 20,
      "best_metric": "mcc",
      "best_mcc": 0.23347372145343318,
      "best_f1_at_best_epoch": 0.4873099220977107,
      "best_checkpoint": "best_fold1.pt",
      "val_loss": 1.0092967059264404,
      "metrics": {
        "accuracy": 0.488098883661368,
        "balanced_accuracy": 0.48801976707294453,
        "cohen_kappa": 0.23216286847461354,
        "mcc": 0.23347372145343318,
        "precision_macro": 0.4924676328116006,
        "precision_weighted": 0.49258539118119116,
        "recall_macro": 0.48801976707294453,
        "recall_weighted": 0.488098883661368,
        "f1_macro": 0.48720669494333996,
        "f1_weighted": 0.4873099220977107,
        "precision_Other": 0.5322546531302876,
        "recall_Other": 0.4205908160280784,
        "f1_Other": 0.4698797992764617,
        "precision_Donor": 0.4915078985160364,
        "recall_Donor": 0.5303402822255738,
        "f1_Donor": 0.5101862341740703,
        "precision_Acceptor": 0.4536403467884777,
        "recall_Acceptor": 0.5131282029651812,
        "f1_Acceptor": 0.4815540513794878,
        "sensitivity_Other": 0.4205908160280784,
        "specificity_Other": 0.8153582834123025,
        "sensitivity_Donor": 0.5303402822255738,
        "specificity_Donor": 0.7212934101571109,
        "sensitivity_Acceptor": 0.5131282029651812,
        "specificity_Acceptor": 0.6955966218953535,
        "roc_auc_macro": 0.6730123610698642,
        "roc_auc_weighted": 0.6730922971657527,
        "roc_auc_Other": 0.6769239641501749,
        "roc_auc_Donor": 0.6828997881212775,
        "roc_auc_Acceptor": 0.6592133309381402,
        "pr_auc_Other": 0.5619637534116759,
        "pr_auc_Donor": 0.5171450305281715,
        "pr_auc_Acceptor": 0.46877411136666697,
        "top1_accuracy": 0.488098883661368,
        "top2_accuracy": 0.7843183653016341
      },
      "confusion_matrix": [
        [
          20132,
          12800,
          14934
        ],
        [
          8362,
          25669,
          14370
        ],
        [
          9330,
          13756,
          24331
        ]
      ]
    },
    "fold_1": {
      "best_epoch": 25,
      "best_metric": "mcc",
      "best_mcc": 0.2335675547274652,
      "best_f1_at_best_epoch": 0.4876985237835537,
      "best_checkpoint": "best_fold2.pt",
      "val_loss": 1.0119514466392612,
      "metrics": {
        "accuracy": 0.48828679602460956,
        "balanced_accuracy": 0.4882729635100898,
        "cohen_kappa": 0.2324978650812436,
        "mcc": 0.2335675547274652,
        "precision_macro": 0.49178368682610313,
        "precision_weighted": 0.4919042341262628,
        "recall_macro": 0.4882729635100898,
        "recall_weighted": 0.48828679602460956,
        "f1_macro": 0.4876245887939689,
        "f1_weighted": 0.4876985237835537,
        "precision_Other": 0.524975664736923,
        "recall_Other": 0.4281535954539757,
        "f1_Other": 0.47164687471232625,
        "precision_Donor": 0.49420186960123064,
        "recall_Donor": 0.5177265402256105,
        "f1_Donor": 0.5056907615934132,
        "precision_Acceptor": 0.4561735261401557,
        "recall_Acceptor": 0.5189387548506833,
        "f1_Acceptor": 0.4855361300761672,
        "sensitivity_Other": 0.4281535954539757,
        "specificity_Other": 0.8064664259324971,
        "sensitivity_Donor": 0.5177265402256105,
        "specificity_Donor": 0.7308305870993472,
        "sensitivity_Acceptor": 0.5189387548506833,
        "specificity_Acceptor": 0.6952881539036856,
        "roc_auc_macro": 0.6721567093325692,
        "roc_auc_weighted": 0.6722280963784252,
        "roc_auc_Other": 0.6732396761143334,
        "roc_auc_Donor": 0.6820652704329535,
        "roc_auc_Acceptor": 0.6611651814504204,
        "pr_auc_Other": 0.558324746329742,
        "pr_auc_Donor": 0.5164648096073715,
        "pr_auc_Acceptor": 0.4728722635053302,
        "top1_accuracy": 0.48828679602460956,
        "top2_accuracy": 0.7839077419893655
      },
      "confusion_matrix": [
        [
          20494,
          12554,
          14818
        ],
        [
          8827,
          25059,
          14516
        ],
        [
          9717,
          13093,
          24606
        ]
      ]
    },
    "fold_2": {
      "best_epoch": 23,
      "best_metric": "mcc",
      "best_mcc": 0.2354170492356013,
      "best_f1_at_best_epoch": 0.4883316338285779,
      "best_checkpoint": "best_fold3.pt",
      "val_loss": 1.0104140979751572,
      "metrics": {
        "accuracy": 0.4895847107869407,
        "balanced_accuracy": 0.489303308844723,
        "cohen_kappa": 0.23418340659746073,
        "mcc": 0.2354170492356013,
        "precision_macro": 0.49255827384432954,
        "precision_weighted": 0.4926266232234052,
        "recall_macro": 0.489303308844723,
        "recall_weighted": 0.4895847107869407,
        "f1_macro": 0.4881639602321375,
        "f1_weighted": 0.4883316338285779,
        "precision_Other": 0.5281819832438461,
        "recall_Other": 0.4254256763814896,
        "f1_Other": 0.47126755999907427,
        "precision_Donor": 0.48629620316821726,
        "recall_Donor": 0.5593983719681005,
        "f1_Donor": 0.5202920830130668,
        "precision_Acceptor": 0.46319663512092535,
        "recall_Acceptor": 0.48308587818457904,
        "f1_Acceptor": 0.4729322376842714,
        "sensitivity_Other": 0.4254256763814896,
        "specificity_Other": 0.8101609300966416,
        "sensitivity_Donor": 0.5593983719681005,
        "specificity_Donor": 0.6998142336877237,
        "sensitivity_Acceptor": 0.48308587818457904,
        "specificity_Acceptor": 0.7242461071810693,
        "roc_auc_macro": 0.6736925334003062,
        "roc_auc_weighted": 0.6737841102956844,
        "roc_auc_Other": 0.6747316408470927,
        "roc_auc_Donor": 0.6865642208394613,
        "roc_auc_Acceptor": 0.6597817385143647,
        "pr_auc_Other": 0.5581888989971318,
        "pr_auc_Donor": 0.520856148337288,
        "pr_auc_Acceptor": 0.4729642607470024,
        "top1_accuracy": 0.4895847107869407,
        "top2_accuracy": 0.7835443302269579
      },
      "confusion_matrix": [
        [
          20363,
          13794,
          13708
        ],
        [
          8488,
          27076,
          12838
        ],
        [
          9702,
          14808,
          22906
        ]
      ]
    },
    "fold_3": {
      "best_epoch": 18,
      "best_metric": "mcc",
      "best_mcc": 0.23369928536209478,
      "best_f1_at_best_epoch": 0.4880112585321504,
      "best_checkpoint": "best_fold4.pt",
      "val_loss": 1.0103405407527164,
      "metrics": {
        "accuracy": 0.48858946430684214,
        "balanced_accuracy": 0.4884360303853767,
        "cohen_kappa": 0.2328094167067405,
        "mcc": 0.23369928536209478,
        "precision_macro": 0.4914187441328046,
        "precision_weighted": 0.4915058888277546,
        "recall_macro": 0.4884360303853767,
        "recall_weighted": 0.48858946430684214,
        "f1_macro": 0.4878916844497549,
        "f1_weighted": 0.4880112585321504,
        "precision_Other": 0.5260788182324075,
        "recall_Other": 0.43451373655071557,
        "f1_Other": 0.4759322189041065,
        "precision_Donor": 0.488334401266443,
        "recall_Donor": 0.5353497789347548,