{
  "experiment_name": "NucleotideTransformer_InstaDeepAI/nucleotide-transformer-v2-250m-multi-species_w2000",
  "timestamp": "2026-03-07T19:26:39.450495",
  "embedding_dim": 768,
  "num_folds": 5,
  "best_fold": {
    "fold_idx": 0,
    "fold_number": 1,
    "best_metric": "mcc",
    "best_mcc": 0.7532509184562167,
    "checkpoint": "best_fold1.pt",
    "checkpoint_path": "d:\\Splice_FMs_seq_lengths\\results\\classifiers\\NucleotideTransformer_InstaDeepAI\\nucleotide-transformer-v2-250m-multi-species_w2000\\checkpoints\\best_fold1.pt"
  },
  "hyperparameters": {
    "num_epochs": 50,
    "batch_size": 256,
    "learning_rate": 0.0001,
    "weight_decay": 0.001,
    "early_stopping_patience": 5,
    "seed": 42,
    "deterministic": false
  },
  "per_fold_results": {
    "fold_0": {
      "best_epoch": 50,
      "best_metric": "mcc",
      "best_mcc": 0.7532509184562167,
      "best_f1_at_best_epoch": 0.834389662564359,
      "best_checkpoint": "best_fold1.pt",
      "val_loss": 0.4245165391324678,
      "metrics": {
        "accuracy": 0.8350864247377324,
        "balanced_accuracy": 0.83490165553425,
        "cohen_kappa": 0.7526533992146777,
        "mcc": 0.7532509184562167,
        "precision_macro": 0.834553892559149,
        "precision_weighted": 0.8349547894772643,
        "recall_macro": 0.83490165553425,
        "recall_weighted": 0.8350864247377324,
        "f1_macro": 0.834093265242842,
        "f1_weighted": 0.834389662564359,
        "precision_Other": 0.7834372137703014,
        "recall_Other": 0.7326647863783557,
        "f1_Other": 0.757200846396338,
        "precision_Donor": 0.9170675830469645,
        "recall_Donor": 0.9100359608151118,
        "f1_Donor": 0.9135382413045507,
        "precision_Acceptor": 0.8031568808601812,
        "recall_Acceptor": 0.8620042194092827,
        "f1_Acceptor": 0.8315407080276372,
        "sensitivity_Other": 0.7326647863783557,
        "specificity_Other": 0.8987952310358508,
        "sensitivity_Donor": 0.9100359608151118,
        "specificity_Donor": 0.9582008082716632,
        "sensitivity_Acceptor": 0.8620042194092827,
        "specificity_Acceptor": 0.8959595224984676,
        "roc_auc_macro": 0.9451967518821917,
        "roc_auc_weighted": 0.9453017184870524,
        "roc_auc_Other": 0.9066477700607584,
        "roc_auc_Donor": 0.978669200464158,
        "roc_auc_Acceptor": 0.9502732851216582,
        "pr_auc_Other": 0.8396694875023593,
        "pr_auc_Donor": 0.963988536335892,
        "pr_auc_Acceptor": 0.8863228296528926,
        "top1_accuracy": 0.8350864247377324,
        "top2_accuracy": 0.9790882068346201
      },
      "confusion_matrix": [
        [
          35069,
          3486,
          9310
        ],
        [
          3649,
          44033,
          704
        ],
        [
          6045,
          496,
          40859
        ]
      ]
    },
    "fold_1": {
      "best_epoch": 46,
      "best_metric": "mcc",
      "best_mcc": 0.7528172312359002,
      "best_f1_at_best_epoch": 0.8341730466486439,
      "best_checkpoint": "best_fold2.pt",
      "val_loss": 0.42453385855061304,
      "metrics": {
        "accuracy": 0.834863662626783,
        "balanced_accuracy": 0.8346652328022878,
        "cohen_kappa": 0.7523150528149944,
        "mcc": 0.7528172312359002,
        "precision_macro": 0.8341589494057332,
        "precision_weighted": 0.8345452369075206,
        "recall_macro": 0.8346652328022878,
        "recall_weighted": 0.834863662626783,
        "f1_macro": 0.8338777381973087,
        "f1_weighted": 0.8341730466486439,
        "precision_Other": 0.7815941094031544,
        "recall_Other": 0.734043664472997,
        "f1_Other": 0.7570729815337542,
        "precision_Donor": 0.91522714060294,
        "recall_Donor": 0.9110279833009548,
        "f1_Donor": 0.9131227343345417,
        "precision_Acceptor": 0.8056555982111054,
        "recall_Acceptor": 0.8589240506329114,
        "f1_Acceptor": 0.8314374987236302,
        "sensitivity_Other": 0.734043664472997,
        "specificity_Other": 0.897500678596037,
        "sensitivity_Donor": 0.9110279833009548,
        "specificity_Donor": 0.9571406077783027,
        "sensitivity_Acceptor": 0.8589240506329114,
        "specificity_Acceptor": 0.897964696470686,
        "roc_auc_macro": 0.9450389100098096,
        "roc_auc_weighted": 0.9451442267768821,
        "roc_auc_Other": 0.9059356538910932,
        "roc_auc_Donor": 0.9788237710665528,
        "roc_auc_Acceptor": 0.9503573050717825,
        "pr_auc_Other": 0.8379557133305479,
        "pr_auc_Donor": 0.9641972471521065,
        "pr_auc_Acceptor": 0.8858466710527529,
        "top1_accuracy": 0.834863662626783,
        "top2_accuracy": 0.9793945047371755
      },
      "confusion_matrix": [
        [
          35135,
          3612,
          9118
        ],
        [
          3602,
          44081,
          703
        ],
        [
          6216,
          471,
          40713
        ]
      ]
    },
    "fold_2": {
      "best_epoch": 46,
      "best_metric": "mcc",
      "best_mcc": 0.75315373223718,
      "best_f1_at_best_epoch": 0.8340592346598331,
      "best_checkpoint": "best_fold3.pt",
      "val_loss": 0.42394342583693645,
      "metrics": {
        "accuracy": 0.8348845465746845,
        "balanced_accuracy": 0.8347130506087558,
        "cohen_kappa": 0.7523555557593479,
        "mcc": 0.75315373223718,
        "precision_macro": 0.8344974599570847,
        "precision_weighted": 0.8349166618861724,
        "recall_macro": 0.8347130506087558,
        "recall_weighted": 0.8348845465746845,
        "f1_macro": 0.8337591792159177,
        "f1_weighted": 0.8340592346598331,
        "precision_Other": 0.7862628179066721,
        "recall_Other": 0.7272746265538493,
        "f1_Other": 0.7556192274715375,
        "precision_Donor": 0.9183188442053912,
        "recall_Donor": 0.9103666349770595,
        "f1_Donor": 0.9143254491297624,
        "precision_Acceptor": 0.7989107177591909,
        "recall_Acceptor": 0.8664978902953586,
        "f1_Acceptor": 0.8313328610464528,
        "sensitivity_Other": 0.7272746265538493,
        "specificity_Other": 0.9012068569519553,
        "sensitivity_Donor": 0.9103666349770595,
        "specificity_Donor": 0.9588726184852779,
        "sensitivity_Acceptor": 0.8664978902953586,
        "specificity_Acceptor": 0.8925933237057277,
        "roc_auc_macro": 0.9451811362366218,
        "roc_auc_weighted": 0.9452905109836459,
        "roc_auc_Other": 0.9065484999053033,
        "roc_auc_Donor": 0.979335261671519,
        "roc_auc_Acceptor": 0.9496596471330432,
        "pr_auc_Other": 0.8387632132190823,
        "pr_auc_Donor": 0.9649371040496322,
        "pr_auc_Acceptor": 0.8854786724350161,
        "top1_accuracy": 0.8348845465746845,
        "top2_accuracy": 0.9793109689455695
      },
      "confusion_matrix": [
        [
          34811,
          3434,
          9620
        ],
        [
          3619,
          44049,
          718
        ],
        [
          5844,
          484,
          41072
        ]
      ]
    },
    "fold_3": {
      "best_epoch": 49,
      "best_metric": "mcc",
      "best_mcc": 0.7521061093949163,
      "best_f1_at_best_epoch": 0.8333768522457844,
      "best_checkpoint": "best_fold4.pt",
      "val_loss": 0.4261009143234572,
      "metrics": {
        "accuracy": 0.834222067525235,
        "balanced_accuracy": 0.8340425717076574,
        "cohen_kappa": 0.7513595519887707,
        "mcc": 0.7521061093949163,
        "precision_macro": 0.8336973341014815,
        "precision_weighted": 0.8341084382260958,
        "recall_macro": 0.8340425717076574,
        "recall_weighted": 0.834222067525235,
        "f1_macro": 0.8330771864200838,
        "f1_weighted": 0.8333768522457844,
        "precision_Other": 0.7845914431989897,
        "recall_Other": 0.7268092929968243,
        "f1_Other": 0.7545958374456363,
        "precision_Donor": 0.9166996067988433,
        "recall_Donor": 0.9106559748687637,