{
  "experiment_name": "NucleotideTransformer_InstaDeepAI/nucleotide-transformer-500m-human-ref_w1000",
  "timestamp": "2026-03-05T18:45:35.223839",
  "embedding_dim": 1280,
  "num_folds": 5,
  "hyperparameters": {
    "num_epochs": 50,
    "batch_size": 256,
    "learning_rate": 0.0001,
    "weight_decay": 0.001,
    "early_stopping_patience": 5,
    "seed": 42,
    "deterministic": false
  },
  "per_fold_results": {
    "fold_0": {
      "best_epoch": 11,
      "best_metric": "mcc",
      "best_mcc": 0.836278119834077,
      "best_f1_at_best_epoch": 0.8906364815445535,
      "val_loss": 0.28875990898689763,
      "metrics": {
        "accuracy": 0.8908349511860775,
        "balanced_accuracy": 0.8908552806109123,
        "cohen_kappa": 0.836247634660318,
        "mcc": 0.836278119834077,
        "precision_macro": 0.8905103934682222,
        "precision_weighted": 0.8905019422405982,
        "recall_macro": 0.8908552806109123,
        "recall_weighted": 0.8908349511860775,
        "f1_macro": 0.8906508115708478,
        "f1_weighted": 0.8906364815445535,
        "precision_Other": 0.8514294210101525,
        "recall_Other": 0.8370291489183997,
        "f1_Other": 0.844167877524375,
        "precision_Donor": 0.9081670362158167,
        "recall_Donor": 0.9139085161770175,
        "f1_Donor": 0.9110287303058388,
        "precision_Acceptor": 0.9119347231786974,
        "recall_Acceptor": 0.9216281767373194,
        "f1_Acceptor": 0.9167558268823295,
        "sensitivity_Other": 0.8370291489183997,
        "specificity_Other": 0.9269962532744711,
        "sensitivity_Donor": 0.9139085161770175,
        "specificity_Donor": 0.9530674556958041,
        "sensitivity_Acceptor": 0.9216281767373194,
        "specificity_Acceptor": 0.9561758780401687,
        "roc_auc_macro": 0.9755691220473338,
        "roc_auc_weighted": 0.9755653948156229,
        "roc_auc_Other": 0.9563082355362463,
        "roc_auc_Donor": 0.9843348830644024,
        "roc_auc_Acceptor": 0.9860642475413527,
        "pr_auc_Other": 0.9206503650562835,
        "pr_auc_Donor": 0.9702432202634836,
        "pr_auc_Acceptor": 0.9726573494945819,
        "top1_accuracy": 0.8908349511860775,
        "top2_accuracy": 0.989485696790041
      },
      "confusion_matrix": [
        [
          40087,
          4037,
          3768
        ],
        [
          3715,
          44235,
          452
        ],
        [
          3280,
          436,
          43699
        ]
      ]
    },
    "fold_1": {
      "best_epoch": 10,
      "best_metric": "mcc",
      "best_mcc": 0.8381020205151033,
      "best_f1_at_best_epoch": 0.8916712884429076,
      "val_loss": 0.2821858534291121,
      "metrics": {
        "accuracy": 0.8920109387721019,
        "balanced_accuracy": 0.8920371489502701,
        "cohen_kappa": 0.8380130509859621,
        "mcc": 0.8381020205151033,
        "precision_macro": 0.8915175904529061,
        "precision_weighted": 0.8915190960792643,
        "recall_macro": 0.8920371489502701,
        "recall_weighted": 0.8920109387721019,
        "f1_macro": 0.891683413948574,
        "f1_weighted": 0.8916712884429076,
        "precision_Other": 0.857225769007545,
        "recall_Other": 0.8326860435980957,
        "f1_Other": 0.8447777318801436,
        "precision_Donor": 0.9083094555873925,
        "recall_Donor": 0.9169042601545391,
        "f1_Donor": 0.9125866217022064,
        "precision_Acceptor": 0.9090175467637809,
        "recall_Acceptor": 0.9265211430981757,
        "f1_Acceptor": 0.9176858882633717,
        "sensitivity_Other": 0.8326860435980957,
        "specificity_Other": 0.9306803594351734,
        "sensitivity_Donor": 0.9169042601545391,
        "specificity_Donor": 0.9529940088346082,
        "sensitivity_Acceptor": 0.9265211430981757,
        "specificity_Acceptor": 0.9543377572849814,
        "roc_auc_macro": 0.9761242563721538,
        "roc_auc_weighted": 0.9761179041046016,
        "roc_auc_Other": 0.9572253396491641,
        "roc_auc_Donor": 0.9843328736560547,
        "roc_auc_Acceptor": 0.9868145558112424,
        "pr_auc_Other": 0.9216007869582212,
        "pr_auc_Donor": 0.9702074720693347,
        "pr_auc_Acceptor": 0.9741506418574992,
        "top1_accuracy": 0.8920109387721019,
        "top2_accuracy": 0.9901119623683973
      },
      "confusion_matrix": [
        [
          39879,
          4061,
          3952
        ],
        [
          3577,
          44380,
          445
        ],
        [
          3065,
          419,
          43931
        ]
      ]
    },
    "fold_2": {
      "best_epoch": 14,
      "best_metric": "mcc",
      "best_mcc": 0.8374233094157775,
      "best_f1_at_best_epoch": 0.890916923164248,
      "val_loss": 0.29162213283183314,
      "metrics": {
        "accuracy": 0.8914681752708599,
        "balanced_accuracy": 0.8915157604106838,
        "cohen_kappa": 0.8372013935393241,
        "mcc": 0.8374233094157775,
        "precision_macro": 0.8908280517684322,
        "precision_weighted": 0.8908363199261095,
        "recall_macro": 0.8915157604106838,
        "recall_weighted": 0.8914681752708599,
        "f1_macro": 0.8909358918235672,
        "f1_weighted": 0.890916923164248,
        "precision_Other": 0.8623606557377049,
        "recall_Other": 0.8237910298170884,
        "f1_Other": 0.842634715191901,
        "precision_Donor": 0.9057897099024848,
        "recall_Donor": 0.9173174662204041,
        "f1_Donor": 0.911517142270581,
        "precision_Acceptor": 0.9043337896651069,
        "recall_Acceptor": 0.9334387851945587,
        "f1_Acceptor": 0.9186558180082195,
        "sensitivity_Other": 0.8237910298170884,
        "specificity_Other": 0.9342809731049814,
        "sensitivity_Donor": 0.9173174662204041,
        "specificity_Donor": 0.9515460564281742,
        "sensitivity_Acceptor": 0.9334387851945587,
        "specificity_Acceptor": 0.9513780713232393,
        "roc_auc_macro": 0.9761637032617959,
        "roc_auc_weighted": 0.976155158374975,
        "roc_auc_Other": 0.9572376379987577,
        "roc_auc_Donor": 0.9840661916005222,
        "roc_auc_Acceptor": 0.9871872801861077,
        "pr_auc_Other": 0.9212782797420487,
        "pr_auc_Donor": 0.969986239919755,
        "pr_auc_Acceptor": 0.9749221881227745,
        "top1_accuracy": 0.8914681752708599,
        "top2_accuracy": 0.9902650495097732
      },
      "confusion_matrix": [
        [
          39453,
          4191,
          4248
        ],
        [
          3568,
          44400,
          434
        ],
        [
          2729,
          427,
          44259
        ]
      ]
    },
    "fold_3": {
      "best_epoch": 14,
      "best_metric": "mcc",
      "best_mcc": 0.8341733346028389,
      "best_f1_at_best_epoch": 0.8889754553556892,
      "val_loss": 0.29926032143449444,
      "metrics": {
        "accuracy": 0.8893736648365794,
        "balanced_accuracy": 0.8893999686134432,
        "cohen_kappa": 0.8340574467875699,
        "mcc": 0.8341733346028389,
        "precision_macro": 0.8888166774726066,
        "precision_weighted": 0.8888220642509117,
        "recall_macro": 0.8893999686134432,
        "recall_weighted": 0.8893736648365794,
        "f1_macro": 0.8889856175793516,
        "f1_weighted": 0.8889754553556892,
        "precision_Other": 0.855064329505224,
        "recall_Other": 0.8270692391213564,
        "f1_Other": 0.8408338286490618,
        "precision_Donor": 0.9059133740776322,
        "recall_Donor": 0.9156835602570195,
        "f1_Donor": 0.9107722658337101,
        "precision_Acceptor": 0.9054723288349634,
        "recall_Acceptor": 0.9254471064619537,
        "f1_Acceptor": 0.9153507582552828,
        "sensitivity_Other": 0.8270692391213564,
        "specificity_Other": 0.9299289270171264,
        "sensitivity_Donor": 0.9156835602570195,
        "specificity_Donor": 0.9517039493012129,
        "sensitivity_Acceptor": 0.9254471064619537,
        "specificity_Acceptor": 0.9524264484438121,