{
  "experiment_name": "NucleotideTransformer_InstaDeepAI/nucleotide-transformer-v2-250m-multi-species_w300",
  "timestamp": "2026-03-06T16:10:17.536224",
  "embedding_dim": 768,
  "num_folds": 5,
  "best_fold": {
    "fold_idx": 1,
    "fold_number": 2,
    "best_metric": "mcc",
    "best_mcc": 0.6778246178251857,
    "checkpoint": "best_fold2.pt",
    "checkpoint_path": "d:\\Splice_FMs_seq_lengths\\results\\classifiers\\NucleotideTransformer_InstaDeepAI\\nucleotide-transformer-v2-250m-multi-species_w300\\checkpoints\\best_fold2.pt"
  },
  "hyperparameters": {
    "num_epochs": 50,
    "batch_size": 256,
    "learning_rate": 0.0001,
    "weight_decay": 0.001,
    "early_stopping_patience": 5,
    "seed": 42,
    "deterministic": false
  },
  "per_fold_results": {
    "fold_0": {
      "best_epoch": 49,
      "best_metric": "mcc",
      "best_mcc": 0.6745475441618382,
      "best_f1_at_best_epoch": 0.7816459842714576,
      "best_checkpoint": "best_fold1.pt",
      "val_loss": 0.5134425617727945,
      "metrics": {
        "accuracy": 0.782912502435901,
        "balanced_accuracy": 0.7824800155804933,
        "cohen_kappa": 0.6743478710456979,
        "mcc": 0.6745475441618382,
        "precision_macro": 0.780449170268298,
        "precision_weighted": 0.780828287446878,
        "recall_macro": 0.7824800155804933,
        "recall_weighted": 0.782912502435901,
        "f1_macro": 0.7812405797183543,
        "f1_weighted": 0.7816459842714576,
        "precision_Other": 0.7029103200035117,
        "recall_Other": 0.6690761709773116,
        "f1_Other": 0.6855760585691656,
        "precision_Donor": 0.8711890243902439,
        "recall_Donor": 0.8973781533439392,
        "f1_Donor": 0.8840896831777889,
        "precision_Acceptor": 0.7672481664111382,
        "recall_Acceptor": 0.780985722420229,
        "f1_Acceptor": 0.774055997408108,
        "sensitivity_Other": 0.6690761709773116,
        "specificity_Other": 0.8587321797574569,
        "sensitivity_Donor": 0.8973781533439392,
        "specificity_Donor": 0.9326007787328274,
        "sensitivity_Acceptor": 0.780985722420229,
        "specificity_Acceptor": 0.8833037281726864,
        "roc_auc_macro": 0.9187749469227294,
        "roc_auc_weighted": 0.9189619910193897,
        "roc_auc_Other": 0.8639975655911761,
        "roc_auc_Donor": 0.9710821503804424,
        "roc_auc_Acceptor": 0.9212451247965696,
        "pr_auc_Other": 0.756966836476272,
        "pr_auc_Donor": 0.9469164710702307,
        "pr_auc_Acceptor": 0.8481320672300695,
        "top1_accuracy": 0.782912502435901,
        "top2_accuracy": 0.9679505024915788
      },
      "confusion_matrix": [
        [
          32026,
          5176,
          10664
        ],
        [
          4397,
          43434,
          570
        ],
        [
          9139,
          1246,
          37032
        ]
      ]
    },
    "fold_1": {
      "best_epoch": 48,
      "best_metric": "mcc",
      "best_mcc": 0.6778246178251857,
      "best_f1_at_best_epoch": 0.7843272653322809,
      "best_checkpoint": "best_fold2.pt",
      "val_loss": 0.5105808874148067,
      "metrics": {
        "accuracy": 0.7851744105119568,
        "balanced_accuracy": 0.784745905487192,
        "cohen_kappa": 0.6777402034050684,
        "mcc": 0.6778246178251857,
        "precision_macro": 0.7832970374223773,
        "precision_weighted": 0.7836706857753734,
        "recall_macro": 0.784745905487192,
        "recall_weighted": 0.7851744105119568,
        "f1_macro": 0.7839265110471584,
        "f1_weighted": 0.7843272653322809,
        "precision_Other": 0.7012668045501551,
        "recall_Other": 0.6800233986545774,
        "f1_Other": 0.6904817462506099,
        "precision_Donor": 0.8751843546073499,
        "recall_Donor": 0.8949836783603984,
        "f1_Donor": 0.8849732887976384,
        "precision_Acceptor": 0.7734399531096272,
        "recall_Acceptor": 0.7792306394466003,
        "f1_Acceptor": 0.776324498093227,
        "sensitivity_Other": 0.6800233986545774,
        "specificity_Other": 0.8552881504518984,
        "sensitivity_Donor": 0.8949836783603984,
        "specificity_Donor": 0.9351608908293276,
        "sensitivity_Acceptor": 0.7792306394466003,
        "specificity_Acceptor": 0.88757427182449,
        "roc_auc_macro": 0.9196819236302848,
        "roc_auc_weighted": 0.919864602266672,
        "roc_auc_Other": 0.8650141711439024,
        "roc_auc_Donor": 0.9712523960537496,
        "roc_auc_Acceptor": 0.922779203693202,
        "pr_auc_Other": 0.7582392241587925,
        "pr_auc_Donor": 0.9462777150028513,
        "pr_auc_Acceptor": 0.8505894902623382,
        "top1_accuracy": 0.7851744105119568,
        "top2_accuracy": 0.9687160713788592
      },
      "confusion_matrix": [
        [
          32550,
          4993,
          10323
        ],
        [
          4583,
          43319,
          500
        ],
        [
          9283,
          1185,
          36948
        ]
      ]
    },
    "fold_2": {
      "best_epoch": 49,
      "best_metric": "mcc",
      "best_mcc": 0.676106603020337,
      "best_f1_at_best_epoch": 0.7826753332274528,
      "best_checkpoint": "best_fold3.pt",
      "val_loss": 0.5140415143712136,
      "metrics": {
        "accuracy": 0.7839688759282587,
        "balanced_accuracy": 0.7835014798099246,
        "cohen_kappa": 0.6759249465784847,
        "mcc": 0.676106603020337,
        "precision_macro": 0.7814188691595633,
        "precision_weighted": 0.7817952709757122,
        "recall_macro": 0.7835014798099246,
        "recall_weighted": 0.7839688759282587,
        "f1_macro": 0.7822542296830447,
        "f1_weighted": 0.7826753332274528,
        "precision_Other": 0.702790098101335,
        "recall_Other": 0.672015042306487,
        "f1_Other": 0.6870581199137066,
        "precision_Donor": 0.8720749141442377,
        "recall_Donor": 0.9023800669393827,
        "f1_Donor": 0.8869687062120505,
        "precision_Acceptor": 0.7693915952331173,
        "recall_Acceptor": 0.7761093301839042,
        "f1_Acceptor": 0.7727358629233774,
        "sensitivity_Other": 0.672015042306487,
        "specificity_Other": 0.8580329374439041,
        "sensitivity_Donor": 0.9023800669393827,
        "specificity_Donor": 0.9327567930647244,
        "sensitivity_Acceptor": 0.7761093301839042,
        "specificity_Acceptor": 0.8854228344084681,
        "roc_auc_macro": 0.9185010415761342,
        "roc_auc_weighted": 0.9186903021332463,
        "roc_auc_Other": 0.863588007389536,
        "roc_auc_Donor": 0.9710867180237126,
        "roc_auc_Acceptor": 0.920828399315154,
        "pr_auc_Other": 0.7544471685743557,
        "pr_auc_Donor": 0.946541097301355,
        "pr_auc_Acceptor": 0.8464952463389427,
        "top1_accuracy": 0.7839688759282587,
        "top2_accuracy": 0.9680685954497052
      },
      "confusion_matrix": [
        [
          32166,
          5149,
          10550
        ],
        [
          4245,
          43677,
          480
        ],
        [
          9358,
          1258,
          36800
        ]
      ]
    },
    "fold_3": {
      "best_epoch": 48,
      "best_metric": "mcc",
      "best_mcc": 0.6776406622152865,
      "best_f1_at_best_epoch": 0.7841285126804659,
      "best_checkpoint": "best_fold4.pt",
      "val_loss": 0.5112740039507265,
      "metrics": {
        "accuracy": 0.7850545993610936,
        "balanced_accuracy": 0.7845761278470129,
        "cohen_kappa": 0.6775463612605949,
        "mcc": 0.6776406622152865,
        "precision_macro": 0.7830728301994263,
        "precision_weighted": 0.7834253081527295,
        "recall_macro": 0.7845761278470129,
        "recall_weighted": 0.7850545993610936,
        "f1_macro": 0.783713740682704,
        "f1_weighted": 0.7841285126804659,
        "precision_Other": 0.6994481755571715,
        "recall_Other": 0.6832132038023608,
        "f1_Other": 0.6912353755588201,
        "precision_Donor": 0.8725176169122357,
        "recall_Donor": 0.9004586587331102,