{
  "experiment_name": "NucleotideTransformer_InstaDeepAI/nucleotide-transformer-v2-250m-multi-species_w10000",
  "timestamp": "2026-03-09T18:59:01.477578",
  "embedding_dim": 768,
  "num_folds": 5,
  "best_fold": {
    "fold_idx": 0,
    "fold_number": 1,
    "best_metric": "mcc",
    "best_mcc": 0.5245629914309453,
    "checkpoint": "best_fold1.pt",
    "checkpoint_path": "d:\\Splice_FMs_seq_lengths\\results\\classifiers\\NucleotideTransformer_InstaDeepAI\\nucleotide-transformer-v2-250m-multi-species_w10000\\checkpoints\\best_fold1.pt"
  },
  "hyperparameters": {
    "num_epochs": 50,
    "batch_size": 256,
    "learning_rate": 0.0001,
    "weight_decay": 0.001,
    "early_stopping_patience": 5,
    "seed": 42,
    "deterministic": false
  },
  "per_fold_results": {
    "fold_0": {
      "best_epoch": 48,
      "best_metric": "mcc",
      "best_mcc": 0.5245629914309453,
      "best_f1_at_best_epoch": 0.6813378866467324,
      "best_checkpoint": "best_fold1.pt",
      "val_loss": 0.7082856077952742,
      "metrics": {
        "accuracy": 0.6823969203138162,
        "balanced_accuracy": 0.6821461071573435,
        "cohen_kappa": 0.5236767964158129,
        "mcc": 0.5245629914309453,
        "precision_macro": 0.681874742085312,
        "precision_weighted": 0.6824014314410917,
        "recall_macro": 0.6821461071573435,
        "recall_weighted": 0.6823969203138162,
        "f1_macro": 0.6809430538992601,
        "f1_weighted": 0.6813378866467324,
        "precision_Other": 0.6132242421456643,
        "recall_Other": 0.5574428078972109,
        "f1_Other": 0.5840045526177552,
        "precision_Donor": 0.7909842097516873,
        "recall_Donor": 0.777497623279461,
        "f1_Donor": 0.7841829343283271,
        "precision_Acceptor": 0.6414157743585842,
        "recall_Acceptor": 0.7114978902953587,
        "f1_Acceptor": 0.6746416747516979,
        "sensitivity_Other": 0.5574428078972109,
        "specificity_Other": 0.8243062660514062,
        "sensitivity_Donor": 0.777497623279461,
        "specificity_Donor": 0.8956489791633864,
        "sensitivity_Acceptor": 0.7114978902953587,
        "specificity_Acceptor": 0.8041163208693936,
        "roc_auc_macro": 0.8539797294983744,
        "roc_auc_weighted": 0.854210492775489,
        "roc_auc_Other": 0.7924323798125765,
        "roc_auc_Donor": 0.9166256657303141,
        "roc_auc_Acceptor": 0.8528811429522327,
        "pr_auc_Other": 0.6620176736819106,
        "pr_auc_Donor": 0.8780034975151753,
        "pr_auc_Acceptor": 0.7245163291556853,
        "top1_accuracy": 0.6823969203138162,
        "top2_accuracy": 0.9148074151937682
      },
      "confusion_matrix": [
        [
          26682,
          6539,
          14644
        ],
        [
          6556,
          37620,
          4210
        ],
        [
          10273,
          3402,
          33725
        ]
      ]
    },
    "fold_1": {
      "best_epoch": 46,
      "best_metric": "mcc",
      "best_mcc": 0.5224187267041641,
      "best_f1_at_best_epoch": 0.6802740307661974,
      "best_checkpoint": "best_fold2.pt",
      "val_loss": 0.7082643732693696,
      "metrics": {
        "accuracy": 0.6810533863321522,
        "balanced_accuracy": 0.6807946061466591,
        "cohen_kappa": 0.5216612154472391,
        "mcc": 0.5224187267041641,
        "precision_macro": 0.6807789360896036,
        "precision_weighted": 0.6813138984994135,
        "recall_macro": 0.6807946061466591,
        "recall_weighted": 0.6810533863321522,
        "f1_macro": 0.6798718833269527,
        "f1_weighted": 0.6802740307661974,
        "precision_Other": 0.6092152496932794,
        "recall_Other": 0.5602005640864932,
        "f1_Other": 0.583680710499679,
        "precision_Donor": 0.7924675763592581,
        "recall_Donor": 0.7753689083619228,
        "f1_Donor": 0.7838250041785058,
        "precision_Acceptor": 0.6406539822162731,
        "recall_Acceptor": 0.7068143459915612,
        "f1_Acceptor": 0.6721099353026732,
        "sensitivity_Other": 0.5602005640864932,
        "specificity_Other": 0.8204330486709958,
        "sensitivity_Donor": 0.7753689083619228,
        "specificity_Donor": 0.8968666351755629,
        "sensitivity_Acceptor": 0.7068143459915612,
        "specificity_Acceptor": 0.8047604700210906,
        "roc_auc_macro": 0.8541483806811884,
        "roc_auc_weighted": 0.854379940201061,
        "roc_auc_Other": 0.7932059551933608,
        "roc_auc_Donor": 0.9166250383293297,
        "roc_auc_Acceptor": 0.8526141485208746,
        "pr_auc_Other": 0.6620919722866688,
        "pr_auc_Donor": 0.8773053886580909,
        "pr_auc_Acceptor": 0.7248487472471729,
        "top1_accuracy": 0.6810533863321522,
        "top2_accuracy": 0.9142087420205915
      },
      "confusion_matrix": [
        [
          26814,
          6481,
          14570
        ],
        [
          6647,
          37517,
          4222
        ],
        [
          10553,
          3344,
          33503
        ]
      ]
    },
    "fold_2": {
      "best_epoch": 40,
      "best_metric": "mcc",
      "best_mcc": 0.5217260439615284,
      "best_f1_at_best_epoch": 0.6790861233225098,
      "best_checkpoint": "best_fold3.pt",
      "val_loss": 0.7102986421449329,
      "metrics": {
        "accuracy": 0.6801623378883545,
        "balanced_accuracy": 0.6799736484598641,
        "cohen_kappa": 0.5203635346992397,
        "mcc": 0.5217260439615284,
        "precision_macro": 0.6806862294142468,
        "precision_weighted": 0.6812583735013941,
        "recall_macro": 0.6799736484598641,
        "recall_weighted": 0.6801623378883545,
        "f1_macro": 0.6786965051773194,
        "f1_weighted": 0.6790861233225098,
        "precision_Other": 0.6122753792298716,
        "recall_Other": 0.5481249347122115,
        "f1_Other": 0.5784269415201455,
        "precision_Donor": 0.7963050079117308,
        "recall_Donor": 0.7696441119332038,
        "f1_Donor": 0.7827476038338658,
        "precision_Acceptor": 0.6334783011011381,
        "recall_Acceptor": 0.7221518987341772,
        "f1_Acceptor": 0.6749149701779464,
        "sensitivity_Other": 0.5481249347122115,
        "specificity_Other": 0.8265508529430188,
        "sensitivity_Donor": 0.7696441119332038,
        "specificity_Donor": 0.9000052485172939,
        "sensitivity_Acceptor": 0.7221518987341772,
        "specificity_Acceptor": 0.7942359040425554,
        "roc_auc_macro": 0.8527690574263387,
        "roc_auc_weighted": 0.8530020637360392,
        "roc_auc_Other": 0.7903875462627091,
        "roc_auc_Donor": 0.916135175160473,
        "roc_auc_Acceptor": 0.8517844508558341,
        "pr_auc_Other": 0.6598298761048975,
        "pr_auc_Donor": 0.8762401896735752,
        "pr_auc_Acceptor": 0.7218266461778113,
        "top1_accuracy": 0.6801623378883545,
        "top2_accuracy": 0.914633382294589
      },
      "confusion_matrix": [
        [
          26236,
          6408,
          15221
        ],
        [
          6562,
          37240,
          4584
        ],
        [
          10052,
          3118,
          34230
        ]
      ]
    },
    "fold_3": {
      "best_epoch": 50,
      "best_metric": "mcc",
      "best_mcc": 0.5234174599725632,
      "best_f1_at_best_epoch": 0.6808886447443419,
      "best_checkpoint": "best_fold4.pt",
      "val_loss": 0.7080912043827708,
      "metrics": {
        "accuracy": 0.6817194570135746,
        "balanced_accuracy": 0.6814675239456617,
        "cohen_kappa": 0.5226589457548081,
        "mcc": 0.5234174599725632,
        "precision_macro": 0.6813546876761413,
        "precision_weighted": 0.681879672355646,
        "recall_macro": 0.6814675239456617,
        "recall_weighted": 0.6817194570135746,
        "f1_macro": 0.680494897166427,
        "f1_weighted": 0.6808886447443419,
        "precision_Other": 0.6101764277919244,
        "recall_Other": 0.5607136887848905,
        "f1_Other": 0.5844003135615364,
        "precision_Donor": 0.791335176314179,