{
  "experiment_name": "NucleotideTransformer_InstaDeepAI/nucleotide-transformer-v2-100m-multi-species_w1000",
  "timestamp": "2026-03-05T19:18:52.180131",
  "embedding_dim": 512,
  "num_folds": 5,
  "hyperparameters": {
    "num_epochs": 50,
    "batch_size": 256,
    "learning_rate": 0.0001,
    "weight_decay": 0.001,
    "early_stopping_patience": 5,
    "seed": 42,
    "deterministic": false
  },
  "per_fold_results": {
    "fold_0": {
      "best_epoch": 50,
      "best_metric": "mcc",
      "best_mcc": 0.4518123381292916,
      "best_f1_at_best_epoch": 0.633197933094223,
      "val_loss": 0.7813954146519251,
      "metrics": {
        "accuracy": 0.633982561982896,
        "balanced_accuracy": 0.6337667812635625,
        "cohen_kappa": 0.4510777519896727,
        "mcc": 0.4518123381292916,
        "precision_macro": 0.6338124059358012,
        "precision_weighted": 0.6343103314697748,
        "recall_macro": 0.6337667812635625,
        "recall_weighted": 0.633982561982896,
        "f1_macro": 0.6328355943795304,
        "f1_weighted": 0.633197933094223,
        "precision_Other": 0.5658635545120922,
        "recall_Other": 0.5183537960410924,
        "f1_Other": 0.541067750618441,
        "precision_Donor": 0.739149774416979,
        "recall_Donor": 0.7209619437213338,
        "f1_Donor": 0.7299425810297763,
        "precision_Acceptor": 0.5964238888783324,
        "recall_Acceptor": 0.6619846040282611,
        "f1_Acceptor": 0.627496451490374,
        "sensitivity_Other": 0.5183537960410924,
        "specificity_Other": 0.8012252523038709,
        "sensitivity_Donor": 0.7209619437213338,
        "specificity_Donor": 0.8707859863388838,
        "sensitivity_Acceptor": 0.6619846040282611,
        "specificity_Acceptor": 0.7794358942405549,
        "roc_auc_macro": 0.8181102844769187,
        "roc_auc_weighted": 0.8183461420085953,
        "roc_auc_Other": 0.755810272570757,
        "roc_auc_Donor": 0.8825600876166986,
        "roc_auc_Acceptor": 0.8159604932433002,
        "pr_auc_Other": 0.6152190513407692,
        "pr_auc_Donor": 0.8316264193399634,
        "pr_auc_Acceptor": 0.6714337811861055,
        "top1_accuracy": 0.633982561982896,
        "top2_accuracy": 0.8874600755693798
      },
      "confusion_matrix": [
        [
          24825,
          7631,
          15436
        ],
        [
          7703,
          34896,
          5803
        ],
        [
          11343,
          4684,
          31388
        ]
      ]
    },
    "fold_1": {
      "best_epoch": 49,
      "best_metric": "mcc",
      "best_mcc": 0.4530896618654694,
      "best_f1_at_best_epoch": 0.6333875937957049,
      "val_loss": 0.7796172445567053,
      "metrics": {
        "accuracy": 0.6345044499648596,
        "balanced_accuracy": 0.6343415385061079,
        "cohen_kappa": 0.4518952286665763,
        "mcc": 0.4530896618654694,
        "precision_macro": 0.634806224895409,
        "precision_weighted": 0.6353297143860399,
        "recall_macro": 0.6343415385061079,
        "recall_weighted": 0.6345044499648596,
        "f1_macro": 0.6330357046876555,
        "f1_weighted": 0.6333875937957049,
        "precision_Other": 0.5695262125035043,
        "recall_Other": 0.5090202956652468,
        "f1_Other": 0.5375760783275999,
        "precision_Donor": 0.7425759484212549,
        "recall_Donor": 0.7186273294491963,
        "f1_Donor": 0.7304053841227177,
        "precision_Acceptor": 0.5923165137614679,
        "recall_Acceptor": 0.6753769904038807,
        "f1_Acceptor": 0.6311256516126489,
        "sensitivity_Other": 0.5090202956652468,
        "specificity_Other": 0.8076959203481637,
        "sensitivity_Donor": 0.7186273294491963,
        "specificity_Donor": 0.8734825353856485,
        "sensitivity_Acceptor": 0.6753769904038807,
        "specificity_Acceptor": 0.7711072340955822,
        "roc_auc_macro": 0.8186454188351705,
        "roc_auc_weighted": 0.8188840258051571,
        "roc_auc_Other": 0.7559904930614165,
        "roc_auc_Donor": 0.8836670689302961,
        "roc_auc_Acceptor": 0.816278694513799,
        "pr_auc_Other": 0.6171691014453689,
        "pr_auc_Donor": 0.8332655339880736,
        "pr_auc_Acceptor": 0.6724159401282945,
        "top1_accuracy": 0.6345044499648596,
        "top2_accuracy": 0.8874252830372489
      },
      "confusion_matrix": [
        [
          24378,
          7512,
          16002
        ],
        [
          7580,
          34783,
          6039
        ],
        [
          10846,
          4546,
          32023
        ]
      ]
    },
    "fold_2": {
      "best_epoch": 50,
      "best_metric": "mcc",
      "best_mcc": 0.4518927995461302,
      "best_f1_at_best_epoch": 0.6326358817310687,
      "val_loss": 0.7819925314378908,
      "metrics": {
        "accuracy": 0.6337877238029629,
        "balanced_accuracy": 0.6336126213261557,
        "cohen_kappa": 0.4508085600718712,
        "mcc": 0.4518927995461302,
        "precision_macro": 0.6337631152909861,
        "precision_weighted": 0.6342706833181253,
        "recall_macro": 0.6336126213261557,
        "recall_weighted": 0.6337877238029629,
        "f1_macro": 0.6322865913856196,
        "f1_weighted": 0.6326358817310687,
        "precision_Other": 0.5688522298336363,
        "recall_Other": 0.509771986970684,
        "f1_Other": 0.5376940865543443,
        "precision_Donor": 0.7390362520440886,
        "recall_Donor": 0.7189578943018884,
        "f1_Donor": 0.7288588214349296,
        "precision_Acceptor": 0.5934008639952332,
        "recall_Acceptor": 0.6721079827058948,
        "f1_Acceptor": 0.6303068661675847,
        "sensitivity_Other": 0.509771986970684,
        "specificity_Other": 0.8068818685619462,
        "sensitivity_Donor": 0.7189578943018884,
        "specificity_Donor": 0.8710692813749252,
        "sensitivity_Acceptor": 0.6721079827058948,
        "specificity_Acceptor": 0.7732361310154319,
        "roc_auc_macro": 0.8179568844730168,
        "roc_auc_weighted": 0.8181890049658233,
        "roc_auc_Other": 0.7553712437942459,
        "roc_auc_Donor": 0.8820006073752411,
        "roc_auc_Acceptor": 0.8164988022495635,
        "pr_auc_Other": 0.6135217468338066,
        "pr_auc_Donor": 0.8306427263996059,
        "pr_auc_Acceptor": 0.6731884909839,
        "top1_accuracy": 0.6337877238029629,
        "top2_accuracy": 0.8868268514845974
      },
      "confusion_matrix": [
        [
          24414,
          7655,
          15823
        ],
        [
          7590,
          34799,
          6013
        ],
        [
          10914,
          4633,
          31868
        ]
      ]
    },
    "fold_3": {
      "best_epoch": 46,
      "best_metric": "mcc",
      "best_mcc": 0.4485059227384205,
      "best_f1_at_best_epoch": 0.6297389947316518,
      "val_loss": 0.7835009895609791,
      "metrics": {
        "accuracy": 0.6315122922016019,
        "balanced_accuracy": 0.6312996866770041,
        "cohen_kappa": 0.4473712845884288,
        "mcc": 0.4485059227384205,
        "precision_macro": 0.6304315765604017,
        "precision_weighted": 0.6309121481815931,
        "recall_macro": 0.6312996866770041,
        "recall_weighted": 0.6315122922016019,
        "f1_macro": 0.6293845810717779,
        "f1_weighted": 0.6297389947316518,
        "precision_Other": 0.5691143683885964,
        "recall_Other": 0.5010231353879563,
        "f1_Other": 0.532902480733782,
        "precision_Donor": 0.7301772194026125,
        "recall_Donor": 0.7252742711927439,
        "f1_Donor": 0.7277174870694569,
        "precision_Acceptor": 0.5920031418899965,
        "recall_Acceptor": 0.6676016534503121,
        "f1_Acceptor": 0.6275337754120948,
        "sensitivity_Other": 0.5010231353879563,
        "specificity_Other": 0.8103989897408602,
        "sensitivity_Donor": 0.7252742711927439,
        "specificity_Donor": 0.863893901876023,
        "sensitivity_Acceptor": 0.6676016534503121,
        "specificity_Acceptor": 0.7734414754966612,