{
  "experiment_name": "NucleotideTransformer_InstaDeepAI/nucleotide-transformer-v2-250m-multi-species_w600",
  "timestamp": "2026-03-06T18:44:51.353078",
  "embedding_dim": 768,
  "num_folds": 5,
  "best_fold": {
    "fold_idx": 1,
    "fold_number": 2,
    "best_metric": "mcc",
    "best_mcc": 0.696312283745399,
    "checkpoint": "best_fold2.pt",
    "checkpoint_path": "d:\\Splice_FMs_seq_lengths\\results\\classifiers\\NucleotideTransformer_InstaDeepAI\\nucleotide-transformer-v2-250m-multi-species_w600\\checkpoints\\best_fold2.pt"
  },
  "hyperparameters": {
    "num_epochs": 50,
    "batch_size": 256,
    "learning_rate": 0.0001,
    "weight_decay": 0.001,
    "early_stopping_patience": 5,
    "seed": 42,
    "deterministic": false
  },
  "per_fold_results": {
    "fold_0": {
      "best_epoch": 45,
      "best_metric": "mcc",
      "best_mcc": 0.694456017962416,
      "best_f1_at_best_epoch": 0.7953205655089844,
      "best_checkpoint": "best_fold1.pt",
      "val_loss": 0.48974897253767874,
      "metrics": {
        "accuracy": 0.7962531229774589,
        "balanced_accuracy": 0.7958250691828707,
        "cohen_kappa": 0.6943468202568254,
        "mcc": 0.694456017962416,
        "precision_macro": 0.7943352444416799,
        "precision_weighted": 0.7946404206223894,
        "recall_macro": 0.7958250691828707,
        "recall_weighted": 0.7962531229774589,
        "f1_macro": 0.7949547302308987,
        "f1_weighted": 0.7953205655089844,
        "precision_Other": 0.7157820179863064,
        "recall_Other": 0.6965848563968668,
        "f1_Other": 0.7060529714394597,
        "precision_Donor": 0.875377447157398,
        "recall_Donor": 0.9044047766621214,
        "f1_Donor": 0.8896544015283155,
        "precision_Acceptor": 0.7918462681813356,
        "recall_Acceptor": 0.7864855744896238,
        "f1_Acceptor": 0.7891568177249209,
        "sensitivity_Other": 0.6965848563968668,
        "specificity_Other": 0.8618004967751361,
        "sensitivity_Donor": 0.9044047766621214,
        "specificity_Donor": 0.9346003295169534,
        "sensitivity_Acceptor": 0.7864855744896238,
        "specificity_Acceptor": 0.8981792120651869,
        "roc_auc_macro": 0.9263398195811482,
        "roc_auc_weighted": 0.926498810209194,
        "roc_auc_Other": 0.8751509146446972,
        "roc_auc_Donor": 0.9733393608403899,
        "roc_auc_Acceptor": 0.9305291832583574,
        "pr_auc_Other": 0.7762642233121,
        "pr_auc_Donor": 0.9496137853102343,
        "pr_auc_Acceptor": 0.8652252935294675,
        "top1_accuracy": 0.7962531229774589,
        "top2_accuracy": 0.9716270103623698
      },
      "confusion_matrix": [
        [
          33349,
          5124,
          9402
        ],
        [
          4226,
          43775,
          401
        ],
        [
          9016,
          1108,
          37292
        ]
      ]
    },
    "fold_1": {
      "best_epoch": 48,
      "best_metric": "mcc",
      "best_mcc": 0.696312283745399,
      "best_f1_at_best_epoch": 0.7965713899944579,
      "best_checkpoint": "best_fold2.pt",
      "val_loss": 0.48839872508074467,
      "metrics": {
        "accuracy": 0.7974779564766551,
        "balanced_accuracy": 0.797097035819282,
        "cohen_kappa": 0.6961974757041158,
        "mcc": 0.696312283745399,
        "precision_macro": 0.795591290204907,
        "precision_weighted": 0.7959205546748854,
        "recall_macro": 0.797097035819282,
        "recall_weighted": 0.7974779564766551,
        "f1_macro": 0.7962166464500743,
        "f1_weighted": 0.7965713899944579,
        "precision_Other": 0.7197332236201035,
        "recall_Other": 0.694266318537859,
        "f1_Other": 0.7067704346346857,
        "precision_Donor": 0.8788893145933738,
        "recall_Donor": 0.9004793190364034,
        "f1_Donor": 0.8895533354423275,
        "precision_Acceptor": 0.7881513324012437,
        "recall_Acceptor": 0.7965454698835835,
        "f1_Acceptor": 0.7923261692732098,
        "sensitivity_Other": 0.694266318537859,
        "specificity_Other": 0.8649209960550209,
        "sensitivity_Donor": 0.9004793190364034,
        "specificity_Donor": 0.9369720120473077,
        "sensitivity_Acceptor": 0.7965454698835835,
        "specificity_Acceptor": 0.8945542549103108,
        "roc_auc_macro": 0.9266688000196863,
        "roc_auc_weighted": 0.9268266602318295,
        "roc_auc_Other": 0.8753985077344468,
        "roc_auc_Donor": 0.9735414892918888,
        "roc_auc_Acceptor": 0.9310664030327234,
        "pr_auc_Other": 0.7758485045787007,
        "pr_auc_Donor": 0.9505176903939745,
        "pr_auc_Acceptor": 0.8647085564168515,
        "top1_accuracy": 0.7974779564766551,
        "top2_accuracy": 0.9715643768311609
      },
      "confusion_matrix": [
        [
          33238,
          4916,
          9721
        ],
        [
          4386,
          43585,
          431
        ],
        [
          8557,
          1090,
          37769
        ]
      ]
    },
    "fold_2": {
      "best_epoch": 50,
      "best_metric": "mcc",
      "best_mcc": 0.69259692137587,
      "best_f1_at_best_epoch": 0.7939659547907105,
      "best_checkpoint": "best_fold3.pt",
      "val_loss": 0.49143009508207597,
      "metrics": {
        "accuracy": 0.7949865337907901,
        "balanced_accuracy": 0.794594703298149,
        "cohen_kappa": 0.6924592271420036,
        "mcc": 0.69259692137587,
        "precision_macro": 0.7929176603354917,
        "precision_weighted": 0.7932527490136222,
        "recall_macro": 0.794594703298149,
        "recall_weighted": 0.7949865337907901,
        "f1_macro": 0.7936029155598363,
        "f1_weighted": 0.7939659547907105,
        "precision_Other": 0.7160708464631098,
        "recall_Other": 0.6882506527415143,
        "f1_Other": 0.7018851847907125,
        "precision_Donor": 0.8775247445079263,
        "recall_Donor": 0.9012024296516673,
        "f1_Donor": 0.889205993272857,
        "precision_Acceptor": 0.7851573900354388,
        "recall_Acceptor": 0.7943310275012654,
        "f1_Acceptor": 0.7897175686159394,
        "sensitivity_Other": 0.6882506527415143,
        "specificity_Other": 0.8636477488572084,
        "sensitivity_Donor": 0.9012024296516673,
        "specificity_Donor": 0.9361114900672677,
        "sensitivity_Acceptor": 0.7943310275012654,
        "specificity_Acceptor": 0.8929547036156091,
        "roc_auc_macro": 0.925836625172689,
        "roc_auc_weighted": 0.9259943640373604,
        "roc_auc_Other": 0.8738895235838483,
        "roc_auc_Donor": 0.9730066964814805,
        "roc_auc_Acceptor": 0.9306136554527383,
        "pr_auc_Other": 0.7743064868664484,
        "pr_auc_Donor": 0.9490186553858696,
        "pr_auc_Acceptor": 0.8646897321391683,
        "top1_accuracy": 0.7949865337907901,
        "top2_accuracy": 0.9715643768311609
      },
      "confusion_matrix": [
        [
          32950,
          5029,
          9896
        ],
        [
          4372,
          43620,
          410
        ],
        [
          8693,
          1059,
          37664
        ]
      ]
    },
    "fold_3": {
      "best_epoch": 47,
      "best_metric": "mcc",
      "best_mcc": 0.6934257049571064,
      "best_f1_at_best_epoch": 0.7943809581209272,
      "best_checkpoint": "best_fold4.pt",
      "val_loss": 0.49199234346902243,
      "metrics": {
        "accuracy": 0.7955070567602929,
        "balanced_accuracy": 0.7951173968384463,
        "cohen_kappa": 0.693242706596491,
        "mcc": 0.6934257049571064,
        "precision_macro": 0.7933155696027995,
        "precision_weighted": 0.7936616788312324,
        "recall_macro": 0.7951173968384463,
        "recall_weighted": 0.7955070567602929,
        "f1_macro": 0.7940133884637794,
        "f1_weighted": 0.7943809581209272,
        "precision_Other": 0.7195412864114853,
        "recall_Other": 0.6867467362924282,
        "f1_Other": 0.7027616279069767,
        "precision_Donor": 0.8781841211122057,
        "recall_Donor": 0.9024606929608893,